c_resid,unit,hotelsize,geo\time	2017 	2016 	2015 	2014 	2013 	2012 
FOR,NR,100-249,BG	2635047 	2570927 	1819013 	1883719 	2007188 	1718401 
FOR,NR,100-249,CY	8164758 	7392353 	6272698 	6530679 	: 	: 
FOR,NR,100-249,CZ	6618973 	6415440 	6126986 	5889374 	5777941 	5762896 
FOR,NR,100-249,DE	24275500 	23019206 	22394117 	20574770 	19321409 	18175053 
FOR,NR,100-249,EA	: u	: u	: u	: 	: 	: 
FOR,NR,100-249,EL	23903106 	21629209 	20304449 	19641139 	18954629 	16792341 
FOR,NR,100-249,ES	80054560 	76637032 	69777777 	68439284 	65929205 	63039080 
FOR,NR,100-249,EU27	: u	: u	: u	: u	: u	: 
FOR,NR,100-249,EU28	: u	: u	: u	: u	: u	: 
FOR,NR,100-249,HR	9253453 	8761698 	8572019 	8195020 	8309769 	8347908 
FOR,NR,100-249,HU	4779524 	4363407 	4105159 	3983225 	: 	: 
FOR,NR,100-249,IS	: 	1224051 	906817 	1052788 	910766 	378068 
FOR,NR,100-249,LT	947435 	918220 	802929 	808189 	755153 	661781 
FOR,NR,100-249,LU	: 	0 	: 	: 	: 	: 
FOR,NR,100-249,LV	1223710 	1103796 	1022746 	: c	926738 	: c
FOR,NR,100-249,ME	: 	983344 	: 	: 	: 	: 
FOR,NR,100-249,MT	3209537 	3211919 	3219456 	3202245 	2813194 	1424835 
FOR,NR,100-249,NO	: 	3119865 	2770227 	2572071 	2411416 	2381707 
FOR,NR,100-249,PL	549673 	546053 	479870 	440244 	434712 	362714 
FOR,NR,100-249,RO	: 	: 	: 	221482 	211939 	212743 
FOR,NR,100-249,SE	3942727 	3698796 	3437085 	3118223 	2864219 	2844444 
FOR,NR,100-249,UK	: 	7606760 	6517880 	: 	: 	: 
FOR,NR,25-99,BG	1273422 	1179180 	1039644 	1109260 	1008253 	880558 
FOR,NR,25-99,CY	3170129 	2935927 	2441482 	2562385 	: 	: 
FOR,NR,25-99,CZ	9916173 	5817428 	5529865 	8203484 	8187629 	8031572 
FOR,NR,25-99,DE	23284061 	22390266 	22357434 	21519234 	20514394 	19902391 
FOR,NR,25-99,EA	: u	: u	: u	: 	: 	: 
FOR,NR,25-99,EL	22748656 	20533246 	20192162 	19411398 	17449294 	15194388 
FOR,NR,25-99,ES	39688404 	36845939 	33397831 	31510276 	30500022 	30241148 
FOR,NR,25-99,EU27	: u	: u	: u	: u	: u	: 
FOR,NR,25-99,EU28	: u	: u	: u	: u	: u	: 
FOR,NR,25-99,HR	3436914 	3252318 	2991633 	2798021 	2866933 	2840539 
FOR,NR,25-99,HU	4067450 	3701414 	3359956 	3135878 	: 	: 
FOR,NR,25-99,IS	: 	2185550 	1777911 	801726 	708006 	1078656 
FOR,NR,25-99,LT	1147921 	1109039 	1071593 	1057982 	1013678 	964733 
FOR,NR,25-99,LV	1053367 	988491 	981250 	976729 	875935 	780172 
FOR,NR,25-99,ME	: 	526784 	: 	: 	: 	: 
FOR,NR,25-99,MT	1581586 	1461603 	1418532 	1355172 	1371378 	321952 
FOR,NR,25-99,NO	: 	1451508 	1332386 	1364267 	1249436 	1307095 
FOR,NR,25-99,PL	626840 	593262 	473230 	448054 	423750 	417782 
FOR,NR,25-99,RO	: 	: 	: 	40664 	33992 	34616 
FOR,NR,25-99,SE	2088303 	1988569 	1930325 	1711049 	1646349 	1601557 
FOR,NR,25-99,UK	: 	20249460 	19829528 	: 	: 	: 
FOR,NR,GE100,BG	15375747 	14599283 	11968735 	12557229 	12884012 	12183158 
FOR,NR,GE100,CY	12198592 	11053522 	9641931 	9794868 	: 	: 
FOR,NR,GE100,CZ	10738551 	15465598 	14885420 	9309606 	9188076 	9331913 
FOR,NR,GE100,DE	36773838 	35084403 	34315480 	31901078 	30131334 	28277358 
FOR,NR,GE100,EA	: u	: u	: u	: 	: 	: 
FOR,NR,GE100,EL	46850915 	42009512 	39816125 	38154789 	36569648 	32725866 
FOR,NR,GE100,ES	175320827 	169718650 	155289269 	150997708 	147622251 	141600187 
FOR,NR,GE100,EU27	: u	: u	: u	: u	: u	: 
FOR,NR,GE100,EU28	: u	: u	: u	: u	: u	: 
FOR,NR,GE100,HR	17466878 	16546484 	15886815 	15226188 	15238982 	15295862 
FOR,NR,GE100,HU	7821166 	7345256 	7038486 	6852810 	: 	: 
FOR,NR,GE100,IS	: 	1647035 	1220320 	1845859 	1540603 	654195 
FOR,NR,GE100,LT	1097087 	1068530 	946771 	951230 	900286 	811004 
FOR,NR,GE100,LV	1646329 	1481460 	1373700 	1369569 	1276529 	1211847 
FOR,NR,GE100,ME	: 	2041655 	: 	: 	: 	: 
FOR,NR,GE100,MT	7221007 	6799090 	6809750 	6769481 	6507243 	7003722 
FOR,NR,GE100,NO	: 	4939792 	4479974 	3985989 	3645523 	3507153 
FOR,NR,GE100,PL	783432 	770747 	693143 	633669 	631844 	552460 
FOR,NR,GE100,RO	: 	: 	: 	3460628 	3132664 	2965483 
FOR,NR,GE100,SE	6841365 	6475202 	6121823 	5369380 	4905023 	4753423 
FOR,NR,GE100,UK	: 	10564940 	10345841 	: 	: 	: 
FOR,NR,GE250,BG	12740700 	12028356 	10149722 	10673510 	10876824 	10464757 
FOR,NR,GE250,CY	4033833 	3661169 	3369233 	3264188 	: 	: 
FOR,NR,GE250,CZ	4119578 	9050158 	8758434 	3420232 	3410135 	3569017 
FOR,NR,GE250,DE	12498338 	12065197 	11921363 	11326308 	10809925 	10102305 
FOR,NR,GE250,EA	: u	: u	: u	: 	: 	: 
FOR,NR,GE250,EL	22947809 	20380303 	19511676 	18513650 	17615019 	15933525 
FOR,NR,GE250,ES	95266266 	93081618 	85511492 	82558424 	81693046 	78561107 
FOR,NR,GE250,EU27	: u	: u	: u	: u	: u	: 
FOR,NR,GE250,EU28	: u	: u	: u	: u	: u	: 
FOR,NR,GE250,HR	8213425 	7784786 	7314796 	7031168 	6929213 	6947954 
FOR,NR,GE250,HU	3041642 	2981849 	2933327 	2869585 	: 	: 
FOR,NR,GE250,IS	: 	422984 	313503 	793071 	629837 	276127 
FOR,NR,GE250,LT	149652 	150310 	143842 	143041 	145133 	149223 
FOR,NR,GE250,LU	: 	0 	: 	: 	: 	: 
FOR,NR,GE250,LV	422619 	377664 	: c	: c	349791 	: c
FOR,NR,GE250,ME	: 	1058311 	: 	: 	: 	: 
FOR,NR,GE250,MT	4011470 	3587171 	3590294 	3567236 	3694049 	5578887 
FOR,NR,GE250,NO	: 	1819927 	1709747 	1413918 	1234107 	1125446 
FOR,NR,GE250,PL	233759 	224694 	213273 	193425 	197132 	189746 
FOR,NR,GE250,RO	: 	: 	: 	3239146 	2920725 	2752740 
FOR,NR,GE250,SE	2898638 	2776406 	2684738 	2251157 	2040804 	1908979 
FOR,NR,GE250,UK	: 	2958180 	3827961 	: 	: 	: 
FOR,NR,LT25,BG	83453 	86309 	87341 	97509 	95250 	87991 
FOR,NR,LT25,CY	577735 	514992 	464865 	515602 	: 	: 
FOR,NR,LT25,CZ	3038605 	586068 	554981 	2457741 	2695987 	2572920 
FOR,NR,LT25,DE	8594958 	8386081 	8217277 	7891577 	7676936 	7349401 
FOR,NR,LT25,EA	: u	: u	: u	: 	: 	: 
FOR,NR,LT25,EL	3874661 	3398660 	3562553 	3335786 	3039340 	2619253 
FOR,NR,LT25,ES	9746558 	10365223 	9293723 	8022756 	7273961 	6716966 
FOR,NR,LT25,EU27	: u	: u	: u	: u	: u	: 
FOR,NR,LT25,EU28	: u	: u	: u	: u	: u	: 
FOR,NR,LT25,HR	1244660 	1073197 	972766 	867715 	794687 	742951 
FOR,NR,LT25,HU	865438 	755082 	694079 	664428 	: 	: 
FOR,NR,LT25,IS	: 	738901 	614815 	139669 	97931 	291470 
FOR,NR,LT25,LT	281755 	251930 	228465 	241961 	255123 	226008 
FOR,NR,LT25,LV	225381 	205334 	198227 	183644 	142132 	151958 
FOR,NR,LT25,ME	: 	326044 	: 	: 	: 	: 
FOR,NR,LT25,MT	114418 	93771 	74066 	57711 	61728 	18579 
FOR,NR,LT25,NO	: 	181777 	177082 	231402 	173924 	236325 
FOR,NR,LT25,PL	12228496 	11554210 	10135995 	9585499 	9073871 	8454308 
FOR,NR,LT25,RO	: 	: 	: 	2230 	1135 	1383 
FOR,NR,LT25,SE	405341 	378872 	348854 	341001 	323387 	295465 
FOR,NR,LT25,UK	: 	57226750 	56039971 	: 	: 	: 
FOR,NR,TOTAL,AT	66641779 	65243779 	63327453 	61829801 	62137088 	61359896 
FOR,NR,TOTAL,BE	11631915 	10215070 	12034552 	12081835 	11624497 	11546413 
FOR,NR,TOTAL,BG	16732622 	15864772 	13095720 	13763998 	13987515 	13151707 
FOR,NR,TOTAL,CH	: 	19261903 	19552258 	19882606 	19709473 	19051600 
FOR,NR,TOTAL,CY	15946455 	14504442 	12548278 	12872854 	13141237 	13476337 
FOR,NR,TOTAL,CZ	23693329 	21869094 	20970266 	19970831 	20071692 	19936405 
FOR,NR,TOTAL,DE	68652857 	65860750 	64890191 	61311889 	58322664 	55529150 
FOR,NR,TOTAL,DK	6862892 	6641020 	6487067 	6481576 	6010083 	5723802 
FOR,NR,TOTAL,EA	781280623 e	748981992 	717377682 	: 	: 	: 
FOR,NR,TOTAL,EE	3654125 	3559353 	3367951 	3515676 	3536875 	3498683 
FOR,NR,TOTAL,EL	73474232 	65941418 	63570840 	60901973 	57058282 	50539507 
FOR,NR,TOTAL,ES	224755788 	216929812 	197980823 	190530741 	185396233 	178558301 
FOR,NR,TOTAL,EU27	: u	919360239 	879042353 	841516698 e	821483557 	777958265 
FOR,NR,TOTAL,EU28	: u	940232238 	898893567 	860408622 e	840384159 	796837617 
FOR,NR,TOTAL,FI	5726279 	4973182 	4676645 	4795215 	4906135 	4948446 
FOR,NR,TOTAL,FR	76426143 	70245367 	74456927 	73552947 	73619897 	68784275 
FOR,NR,TOTAL,HR	22148452 	20871999 	19851214 	18891924 	18900602 	18879352 b
FOR,NR,TOTAL,HU	12754054 	11801752 	11092521 	10653116 	10367322 	9938268 
FOR,NR,TOTAL,IE	: 	12904044 e	10789960 e	8668203 e	8658824 e	9430436 be
FOR,NR,TOTAL,IS	: 	4571486 	3613046 	2787254 	2346540 	2024321 
FOR,NR,TOTAL,IT	136114096 	131988707 	129680864 	127373740 	126330288 	122700343 
FOR,NR,TOTAL,LI	125122 	107631 	90419 	108994 	111533 	111345 
FOR,NR,TOTAL,LT	2526763 	2429499 	2246829 	2251173 	2169087 	2001745 
FOR,NR,TOTAL,LU	1526416 	1593649 	1586274 	1538265 	1413420 	1424273 b
FOR,NR,TOTAL,LV	2925077 	2675285 	: c	2529942 	2294596 	2143977 b
FOR,NR,TOTAL,ME	: 	2894483 	2627448 	: 	: 	2621342 
FOR,NR,TOTAL,MK	1216277 	988699 	957803 	826623 	795566 	727246 
FOR,NR,TOTAL,MT	8917011 	8354465 	8302348 	8182364 	7940350 	7344253 
FOR,NR,TOTAL,NL	26343380 	23169243 	21707565 	20183788 	18350969 	16934054 
FOR,NR,TOTAL,NO	: 	6573077 	5989442 	5581658 	5068883 	5050573 
FOR,NR,TOTAL,PL	13638768 	12918219 	11302368 	10667222 	10129465 	9424550 
FOR,NR,TOTAL,PT	42852697 	39326453 	35474514 	33050064 	29824569 	27256580 
FOR,NR,TOTAL,RO	4799993 	4399597 	4100387 	3503522 	3167791 	3001482 b
FOR,NR,TOTAL,RS	: 	2352920 	2066142 	1784540 	1616648 	1518577 
FOR,NR,TOTAL,SE	9335009 	8842643 	8401002 	7421430 	6874759 	6650445 
FOR,NR,TOTAL,SI	5544814 	4984687 	4540345 	4294013 	4202067 	4150042 
FOR,NR,TOTAL,SK	4249762 	4082787 	3642146 	3171407 	3528739 	3329573 
FOR,NR,TOTAL,TR	: 	65657106 	96345555 	97314942 	89542908 	: 
FOR,NR,TOTAL,UK	: 	88041150 	86215340 	: 	76419113 	65269158 b
FOR,PCH_PRE,100-249,BG	2.49 	41.34 	-3.44 	-6.15 	16.8 	: 
FOR,PCH_PRE,100-249,CY	10.45 	17.85 	-3.95 	: 	: 	: 
FOR,PCH_PRE,100-249,CZ	3.17 	4.71 	4.03 	1.93 	0.3 	: 
FOR,PCH_PRE,100-249,DE	5.46 	2.79 	8.84 	6.49 	6.3 	: 
FOR,PCH_PRE,100-249,EA	: u	: u	: u	: 	: 	: 
FOR,PCH_PRE,100-249,EL	10.51 	6.52 	3.38 	3.62 	12.88 	: 
FOR,PCH_PRE,100-249,ES	4.46 	9.83 	1.96 	3.81 	4.6 	: 
FOR,PCH_PRE,100-249,EU27	: u	: u	: u	: u	: u	: 
FOR,PCH_PRE,100-249,EU28	: u	: u	: u	: u	: u	: 
FOR,PCH_PRE,100-249,HR	5.61 	2.21 	4.6 	-1.38 	-0.5 	: 
FOR,PCH_PRE,100-249,HU	9.54 	6.29 	3.06 	: 	: 	: 
FOR,PCH_PRE,100-249,IS	: 	34.98 	-13.87 	15.59 	140.9 	: 
FOR,PCH_PRE,100-249,LT	3.18 	14.36 	-0.65 	7.02 	14.1 	: 
FOR,PCH_PRE,100-249,LV	10.86 	7.92 	1.08 	: c	: 	: 
FOR,PCH_PRE,100-249,MT	-0.07 	-0.23 	0.54 	13.83 	97.4 	: 
FOR,PCH_PRE,100-249,NO	: 	12.62 	7.7 	6.66 	1.2 	: 
FOR,PCH_PRE,100-249,PL	0.66 	13.79 	9 	1.27 	19.8 	: 
FOR,PCH_PRE,100-249,RO	: 	: 	: 	4.5 	-0.4 	: 
FOR,PCH_PRE,100-249,SE	6.59 	7.61 	10.23 	8.87 	0.7 	: 
FOR,PCH_PRE,100-249,UK	: 	16.71 	: 	: 	: 	: 
FOR,PCH_PRE,25-99,BG	7.99 	13.42 	-6.28 	10.02 	14.5 	: 
FOR,PCH_PRE,25-99,CY	7.98 	20.25 	-4.72 	: 	: 	: 
FOR,PCH_PRE,25-99,CZ	70.46 	5.2 	-32.59 	0.19 	1.9 	: 
FOR,PCH_PRE,25-99,DE	3.99 	0.15 	3.9 	4.9 	3.1 	: 
FOR,PCH_PRE,25-99,EA	: u	: u	: u	: 	: 	: 
FOR,PCH_PRE,25-99,EL	10.79 	1.69 	4.02 	11.24 	14.84 	: 
FOR,PCH_PRE,25-99,ES	7.71 	10.32 	5.99 	3.31 	0.9 	: 
FOR,PCH_PRE,25-99,EU27	: u	: u	: u	: u	: u	: 
FOR,PCH_PRE,25-99,EU28	: u	: u	: u	: u	: u	: 
FOR,PCH_PRE,25-99,HR	5.68 	8.71 	6.92 	-2.4 	0.9 	: 
FOR,PCH_PRE,25-99,HU	9.89 	10.16 	7.15 	: 	: 	: 
FOR,PCH_PRE,25-99,IS	: 	22.93 	121.76 	13.24 	-34.4 	: 
FOR,PCH_PRE,25-99,LT	3.51 	3.49 	1.29 	4.37 	5.1 	: 
FOR,PCH_PRE,25-99,LV	6.56 	0.74 	0.46 	11.51 	12.3 	: 
FOR,PCH_PRE,25-99,MT	8.21 	3.04 	4.68 	-1.18 	326 	: 
FOR,PCH_PRE,25-99,NO	: 	8.94 	-2.34 	9.19 	-4.4 	: 
FOR,PCH_PRE,25-99,PL	5.66 	25.36 	5.62 	5.74 	1.4 	: 
FOR,PCH_PRE,25-99,RO	: 	: 	: 	19.63 	-1.8 	: 
FOR,PCH_PRE,25-99,SE	5.02 	3.02 	12.82 	3.93 	2.8 	: 
FOR,PCH_PRE,25-99,UK	: 	2.12 	: 	: 	: 	: 
FOR,PCH_PRE,GE100,BG	5.32 	21.98 	-4.69 	-2.54 	5.8 	: 
FOR,PCH_PRE,GE100,CY	10.36 	14.64 	-1.56 	: 	: 	: 
FOR,PCH_PRE,GE100,CZ	-30.56 	3.9 	59.89 	1.32 	-1.5 	: 
FOR,PCH_PRE,GE100,DE	4.82 	2.24 	7.57 	5.87 	6.6 	: 
FOR,PCH_PRE,GE100,EA	: u	: u	: u	: 	: 	: 
FOR,PCH_PRE,GE100,EL	11.52 	5.51 	4.35 	4.33 	11.75 	: 
FOR,PCH_PRE,GE100,ES	3.3 	9.29 	2.84 	2.29 	4.3 	: 
FOR,PCH_PRE,GE100,EU27	: u	: u	: u	: u	: u	: 
FOR,PCH_PRE,GE100,EU28	: u	: u	: u	: u	: u	: 
FOR,PCH_PRE,GE100,HR	5.56 	4.15 	4.34 	-0.08 	-0.4 	: 
FOR,PCH_PRE,GE100,HU	6.48 	4.36 	2.71 	: 	: 	: 
FOR,PCH_PRE,GE100,IS	: 	34.97 	-33.89 	19.81 	135.5 	: 
FOR,PCH_PRE,GE100,LT	2.67 	12.86 	-0.47 	5.66 	11 	: 
FOR,PCH_PRE,GE100,LV	11.13 	7.84 	0.3 	7.29 	5.3 	: 
FOR,PCH_PRE,GE100,MT	6.21 	-0.16 	0.59 	4.03 	-7.1 	: 
FOR,PCH_PRE,GE100,NO	: 	10.26 	12.39 	9.34 	3.9 	: 
FOR,PCH_PRE,GE100,PL	1.65 	11.2 	9.39 	0.29 	14.4 	: 
FOR,PCH_PRE,GE100,RO	: 	: 	: 	10.47 	5.6 	: 
FOR,PCH_PRE,GE100,SE	5.65 	5.77 	14.01 	9.47 	3.2 	: 
FOR,PCH_PRE,GE100,UK	: 	2.12 	: 	: 	: 	: 
FOR,PCH_PRE,GE250,BG	5.92 	18.51 	-4.91 	-1.87 	3.9 	: 
FOR,PCH_PRE,GE250,CY	10.18 	8.66 	3.22 	: 	: 	: 
FOR,PCH_PRE,GE250,CZ	-54.48 	3.33 	156.08 	0.3 	-4.5 	: 
FOR,PCH_PRE,GE250,DE	3.59 	1.21 	5.25 	4.78 	7 	: 
FOR,PCH_PRE,GE250,EA	: u	: u	: u	: 	: 	: 
FOR,PCH_PRE,GE250,EL	12.6 	4.45 	5.39 	5.1 	10.55 	: 
FOR,PCH_PRE,GE250,ES	2.35 	8.85 	3.58 	1.06 	4 	: 
FOR,PCH_PRE,GE250,EU27	: u	: u	: u	: u	: u	: 
FOR,PCH_PRE,GE250,EU28	: u	: u	: u	: u	: u	: 
FOR,PCH_PRE,GE250,HR	5.51 	6.43 	4.03 	1.47 	-0.3 	: 
FOR,PCH_PRE,GE250,HU	2.01 	1.65 	2.22 	: 	: 	: 
FOR,PCH_PRE,GE250,IS	: 	34.92 	-60.47 	25.92 	128.1 	: 
FOR,PCH_PRE,GE250,LT	-0.44 	4.5 	0.56 	-1.44 	-2.7 	: 
FOR,PCH_PRE,GE250,LV	11.9 	7.61 	: c	: c	: 	: 
FOR,PCH_PRE,GE250,MT	11.83 	-0.09 	0.65 	-3.43 	-33.8 	: 
FOR,PCH_PRE,GE250,NO	: 	6.44 	20.92 	14.57 	9.7 	: 
FOR,PCH_PRE,GE250,PL	4.03 	5.36 	10.26 	-1.88 	3.9 	: 
FOR,PCH_PRE,GE250,RO	: 	: 	: 	10.9 	6.1 	: 
FOR,PCH_PRE,GE250,SE	4.4 	3.41 	19.26 	10.31 	6.9 	: 
FOR,PCH_PRE,GE250,UK	: 	-22.72 	: 	: 	: 	: 
FOR,PCH_PRE,LT25,BG	-3.31 	-1.18 	-10.43 	2.37 	8.2 	: 
FOR,PCH_PRE,LT25,CY	12.18 	10.78 	-9.84 	: 	: 	: 
FOR,PCH_PRE,LT25,CZ	418.47 	5.6 	-77.42 	-8.84 	4.8 	: 
FOR,PCH_PRE,LT25,DE	2.49 	2.05 	4.13 	2.8 	4.5 	: 
FOR,PCH_PRE,LT25,EA	: u	: u	: u	: 	: 	: 
FOR,PCH_PRE,LT25,EL	14.01 	-4.6 	6.8 	9.75 	16.04 	: 
FOR,PCH_PRE,LT25,ES	-5.97 	11.53 	15.84 	10.29 	8.3 	: 
FOR,PCH_PRE,LT25,EU27	: u	: u	: u	: u	: u	: 
FOR,PCH_PRE,LT25,EU28	: u	: u	: u	: u	: u	: 
FOR,PCH_PRE,LT25,HR	15.98 	10.32 	12.11 	9.19 	7 	: 
FOR,PCH_PRE,LT25,HU	14.62 	8.79 	4.46 	: 	: 	: 
FOR,PCH_PRE,LT25,IS	: 	20.18 	340.19 	42.62 	-66.4 	: 
FOR,PCH_PRE,LT25,LT	11.84 	10.27 	-5.58 	-5.16 	12.9 	: 
FOR,PCH_PRE,LT25,LV	9.76 	3.59 	7.94 	29.21 	-6.5 	: 
FOR,PCH_PRE,LT25,MT	22.02 	26.6 	28.34 	-6.51 	232.3 	: 
FOR,PCH_PRE,LT25,NO	: 	2.65 	-23.47 	33.05 	-26.4 	: 
FOR,PCH_PRE,LT25,PL	5.84 	13.99 	5.74 	5.64 	7.3 	: 
FOR,PCH_PRE,LT25,RO	: 	: 	: 	96.48 	-17.9 	: 
FOR,PCH_PRE,LT25,SE	6.99 	8.6 	2.3 	5.45 	9.5 	: 
FOR,PCH_PRE,LT25,UK	: 	2.12 	: 	: 	: 	: 
FOR,PCH_PRE,TOTAL,AT	2.14 	3.03 	2.42 	-0.49 	1.27 	3.7 
FOR,PCH_PRE,TOTAL,BE	13.87 	-15.12 	-0.39 	3.93 	0.7 	1 
FOR,PCH_PRE,TOTAL,BG	5.47 	21.14 	-4.86 	-1.6 	6.4 	7 
FOR,PCH_PRE,TOTAL,CH	: 	-1.49 	-1.66 	0.88 	3.5 	-3.3 
FOR,PCH_PRE,TOTAL,CY	9.94 	15.59 	-2.52 	-2.04 	-2.5 	4.2 
FOR,PCH_PRE,TOTAL,CZ	8.34 	4.29 	5 	-0.5 	0.7 	10.6 
FOR,PCH_PRE,TOTAL,DE	4.24 	1.5 	5.84 	5.13 	5 	8.1 
FOR,PCH_PRE,TOTAL,DK	3.34 	2.37 	0.08 	7.85 	5 	6.4 
FOR,PCH_PRE,TOTAL,EA	4.31 e	4.41 	3.57 	: 	: 	: 
FOR,PCH_PRE,TOTAL,EE	2.66 	5.68 	-4.2 	-0.6 	1.1 	0.6 
FOR,PCH_PRE,TOTAL,EL	11.42 	3.73 	4.38 	6.74 	12.9 	-6.2 
FOR,PCH_PRE,TOTAL,ES	3.61 	9.57 	3.91 	2.77 	3.8 	1.9 
FOR,PCH_PRE,TOTAL,EU27	: u	4.59 	4.46 	2.44 e	5.58 	1.5 
FOR,PCH_PRE,TOTAL,EU28	: u	4.6 	4.47 	2.38 e	5.45 	1.6 
FOR,PCH_PRE,TOTAL,FI	15.14 	6.34 	-2.47 	-2.26 	-0.9 	5 
FOR,PCH_PRE,TOTAL,FR	8.8 	-5.66 	1.23 	-0.09 	7 	2.6 
FOR,PCH_PRE,TOTAL,HR	6.12 	5.14 	5.08 	-0.05 	0.1 	4.6 b
FOR,PCH_PRE,TOTAL,HU	8.07 	6.39 	4.12 	2.76 	4.3 	13.3 
FOR,PCH_PRE,TOTAL,IE	: 	19.59 e	24.48 e	0.11 e	-8.2 e	: 
FOR,PCH_PRE,TOTAL,IS	: 	26.53 	29.63 	18.78 	15.9 	8.5 
FOR,PCH_PRE,TOTAL,IT	3.13 	1.78 	1.81 	0.83 	3 	2.2 
FOR,PCH_PRE,TOTAL,LI	16.25 	19.04 	-17.04 	-2.28 	0.2 	-1 
FOR,PCH_PRE,TOTAL,LT	4 	8.13 	-0.19 	3.78 	8.4 	10.1 
FOR,PCH_PRE,TOTAL,LU	-4.22 	0.46 	3.12 	8.83 	-0.8 	11.1 b
FOR,PCH_PRE,TOTAL,LV	9.34 	4.78 	: c	10.26 	7 	3.6 b
FOR,PCH_PRE,TOTAL,ME	: 	10.16 	: 	: 	: 	-1 
FOR,PCH_PRE,TOTAL,MK	23.02 	3.23 	15.87 	3.9 	9.4 	9 
FOR,PCH_PRE,TOTAL,MT	6.73 	0.63 	1.47 	3.05 	8.1 	1.9 
FOR,PCH_PRE,TOTAL,NL	13.7 	6.73 	7.55 	9.99 	8.4 	1.5 
FOR,PCH_PRE,TOTAL,NO	: 	9.74 	7.31 	10.12 	0.4 	3.1 
FOR,PCH_PRE,TOTAL,PL	5.58 	14.3 	5.95 	5.31 	7.5 	12.2 
FOR,PCH_PRE,TOTAL,PT	8.97 	10.86 	7.34 	10.81 	9.4 	4.8 
FOR,PCH_PRE,TOTAL,RO	9.1 	7.3 	17.04 	10.6 	5.5 	0.7 b
FOR,PCH_PRE,TOTAL,RS	: 	13.88 	15.78 	10.39 	6.5 	: 
FOR,PCH_PRE,TOTAL,SE	5.57 	5.26 	13.2 	7.95 	3.4 	1.8 
FOR,PCH_PRE,TOTAL,SI	11.24 	9.79 	5.74 	2.19 	1.3 	3.6 
FOR,PCH_PRE,TOTAL,SK	4.09 	12.1 	14.84 	-10.13 	6 	1.6 
FOR,PCH_PRE,TOTAL,TR	: 	-31.85 	-1 	8.68 	: 	: 
FOR,PCH_PRE,TOTAL,UK	: 	2.12 	: 	: 	17.08 	-1 b
NAT,NR,100-249,BG	2544075 	2525574 	2145705 	1923324 	1868905 	1719298 
NAT,NR,100-249,CY	292648 	310388 	361538 	337783 	: 	: 
NAT,NR,100-249,CZ	2442627 	3796572 	3457244 	1859213 	1716328 	1762274 
NAT,NR,100-249,DE	60206078 	56750906 	54199353 	51767665 	49206093 	47267801 
NAT,NR,100-249,EA	: u	: u	: u	: 	: 	: 
NAT,NR,100-249,EL	2935587 	2934838 	2800473 	2894741 	2857541 	2639067 
NAT,NR,100-249,ES	34799838 	34507642 	33294461 	32466598 	31324598 	31449757 
NAT,NR,100-249,EU27	: u	: u	: u	: u	: u	: 
NAT,NR,100-249,EU28	: u	: u	: u	: u	: u	: 
NAT,NR,100-249,HR	865508 	905012 	884471 	793533 	798449 	843409 
NAT,NR,100-249,HU	3181255 	3093800 	2934141 	2820127 	: 	: 
NAT,NR,100-249,IS	: 	97360 	109537 	174482 	156868 	104003 
NAT,NR,100-249,LT	468641 	394910 	387904 	366287 	372255 	374819 
NAT,NR,100-249,LV	323666 	317901 	295621 	: c	228184 	: c
NAT,NR,100-249,ME	: 	69843 	: 	: 	: 	: 
NAT,NR,100-249,MT	107560 	96733 	96981 	105078 	93498 	69961 
NAT,NR,100-249,NO	: 	7414837 	7283840 	7092456 	7019342 	6782418 
NAT,NR,100-249,PL	884716 	842003 	742636 	623577 	570972 	481227 
NAT,NR,100-249,RO	: 	: 	: 	1321122 	1310537 	1235105 
NAT,NR,100-249,SE	12056554 	11975601 	11190586 	10483289 	10114595 	9795642 
NAT,NR,100-249,UK	: 	11220483 	10660081 	: 	: 	: 
NAT,NR,25-99,BG	2143409 	2135390 	1869683 	1865702 	1737745 	1602123 
NAT,NR,25-99,CY	321738 	323498 	278629 	273314 	: 	: 
NAT,NR,25-99,CZ	6361677 	6790992 	6251767 	4848508 	4649766 	4697556 
NAT,NR,25-99,DE	90499145 	88560926 	85718994 	83368480 	81530614 	81799796 
NAT,NR,25-99,EA	: u	: u	: u	: 	: 	: 
NAT,NR,25-99,EL	7622008 	7355253 	6965625 	6856016 	6781461 	6621367 
NAT,NR,25-99,ES	39825601 	37966203 	36345978 	34100064 	32406308 	32971874 
NAT,NR,25-99,EU27	: u	: u	: u	: u	: u	: 
NAT,NR,25-99,EU28	: u	: u	: u	: u	: u	: 
NAT,NR,25-99,HR	608307 	585335 	566833 	555460 	600852 	585412 
NAT,NR,25-99,HU	4928727 	4617449 	4324487 	3932012 	: 	: 
NAT,NR,25-99,IS	: 	336448 	252540 	174840 	176852 	207443 
NAT,NR,25-99,LT	741235 	684311 	643768 	594132 	518499 	508214 
NAT,NR,25-99,LV	331818 	317514 	308512 	326293 	253264 	249200 
NAT,NR,25-99,ME	: 	83630 	: 	: 	: 	: 
NAT,NR,25-99,MT	64797 	57228 	61076 	57966 	52058 	13332 
NAT,NR,25-99,NO	: 	4277192 	4248322 	4223642 	4242373 	4348968 
NAT,NR,25-99,PL	1895807 	1770009 	1440062 	1290714 	1185002 	1126867 
NAT,NR,25-99,RO	: 	: 	: 	322238 	311362 	321658 
NAT,NR,25-99,SE	7955899 	7783679 	7505484 	7231072 	6971737 	6988063 
NAT,NR,25-99,UK	: 	18360790 	17364838 	: 	: 	: 
NAT,NR,GE100,BG	4893997 	5015580 	4362868 	4028388 	3873095 	3655654 
NAT,NR,GE100,CY	390327 	413842 	463238 	450244 	: 	: 
NAT,NR,GE100,CZ	3199977 	6269119 	5606715 	2368036 	2386073 	2432012 
NAT,NR,GE100,DE	80094151 	75586332 	72819905 	70328305 	67092151 	64615439 
NAT,NR,GE100,EA	: u	: u	: u	: 	: 	: 
NAT,NR,GE100,EL	4358361 	4448213 	4227862 	4151243 	4130759 	3879569 
NAT,NR,GE100,ES	59999125 	60261275 	59306612 	57589804 	55850382 	56536970 
NAT,NR,GE100,EU27	: u	: u	: u	: u	: u	: 
NAT,NR,GE100,EU28	: u	: u	: u	: u	: u	: 
NAT,NR,GE100,HR	1542609 	1590324 	1530129 	1358487 	1384658 	1475332 
NAT,NR,GE100,HU	4255557 	4090672 	3758941 	3623748 	: 	: 
NAT,NR,GE100,IS	: 	144680 	135826 	295720 	282562 	146416 
NAT,NR,GE100,LT	501334 	429593 	424032 	400847 	399821 	396265 
NAT,NR,GE100,LV	368783 	343447 	312498 	289758 	260021 	254602 
NAT,NR,GE100,ME	: 	116744 	: 	: 	: 	: 
NAT,NR,GE100,MT	314730 	281280 	305305 	289663 	270268 	318406 
NAT,NR,GE100,NO	: 	11160158 	10818002 	10271786 	9924991 	9776319 
NAT,NR,GE100,PL	1161509 	1147349 	1039272 	882031 	802200 	685952 
NAT,NR,GE100,RO	: 	: 	: 	13466775 	13034899 	13153532 
NAT,NR,GE100,SE	17388528 	16934298 	15955888 	14812553 	14048526 	13451829 
NAT,NR,GE100,UK	: 	17340746 	16400124 	: 	: 	: 
NAT,NR,GE250,BG	2349922 	2490006 	2217163 	2105064 	2004190 	1936356 
NAT,NR,GE250,CY	97679 	103454 	101699 	112461 	: 	: 
NAT,NR,GE250,CZ	757350 	2472547 	2149471 	508823 	669745 	669738 
NAT,NR,GE250,DE	19888073 	18835426 	18620552 	18560640 	17886058 	17347638 
NAT,NR,GE250,EA	: u	: u	: u	: 	: 	: 
NAT,NR,GE250,EL	1422774 	1513375 	1427389 	1256502 	1273218 	1240502 
NAT,NR,GE250,ES	25199287 	25753633 	26012151 	25123206 	24525784 	25087213 
NAT,NR,GE250,EU27	: u	: u	: u	: u	: u	: 
NAT,NR,GE250,EU28	: u	: u	: u	: u	: u	: 
NAT,NR,GE250,HR	677101 	685312 	645658 	564954 	586209 	631923 
NAT,NR,GE250,HU	1074302 	996872 	824800 	803621 	: 	: 
NAT,NR,GE250,IS	: 	47320 	26289 	121238 	125694 	42413 
NAT,NR,GE250,LT	32693 	34683 	36128 	34560 	27566 	21446 
NAT,NR,GE250,LV	45117 	25546 	: c	: c	: 	: c
NAT,NR,GE250,ME	: 	46901 	: 	: 	: 	: 
NAT,NR,GE250,MT	207170 	184547 	208324 	184585 	176770 	248445 
NAT,NR,GE250,NO	: 	3745321 	3534162 	3179330 	2905649 	2993901 
NAT,NR,GE250,PL	276793 	305346 	296636 	258454 	231228 	204725 
NAT,NR,GE250,RO	: 	: 	: 	12145653 	11724362 	11918427 
NAT,NR,GE250,SE	5331974 	4958697 	4765302 	4329264 	3933931 	3656187 
NAT,NR,GE250,UK	: 	6120263 	5740044 	: 	: 	: 
NAT,NR,LT25,BG	301263 	303789 	326870 	325104 	316009 	272748 
NAT,NR,LT25,CY	117306 	105461 	81822 	93097 	: 	: 
NAT,NR,LT25,CZ	6335219 	1563534 	1431694 	4499319 	4788988 	4780150 
NAT,NR,LT25,DE	49513113 	49588757 	48588524 	48149659 	47876005 	48146340 
NAT,NR,LT25,EA	: u	: u	: u	: 	: 	: 
NAT,NR,LT25,EL	2173772 	2140140 	2007786 	2042409 	2095052 	2014296 
NAT,NR,LT25,ES	15997304 	16011654 	14602315 	13040021 	12377238 	12592403 
NAT,NR,LT25,EU27	: u	: u	: u	: u	: u	: 
NAT,NR,LT25,EU28	: u	: u	: u	: u	: u	: 
NAT,NR,LT25,HR	237174 	215188 	208168 	198191 	207424 	197883 
NAT,NR,LT25,HU	2368311 	2228782 	2042142 	1863248 	: 	: 
NAT,NR,LT25,IS	: 	116852 	107478 	29347 	27816 	86909 
NAT,NR,LT25,LT	311420 	291875 	298760 	297274 	312108 	263971 
NAT,NR,LT25,LV	219668 	211325 	199881 	161844 	: 	194603 
NAT,NR,LT25,ME	: 	29982 	: 	: 	: 	: 
NAT,NR,LT25,MT	13138 	7459 	4626 	2599 	2700 	442 
NAT,NR,LT25,NO	: 	473169 	482776 	511641 	539105 	627772 
NAT,NR,LT25,PL	30441914 	28487871 	25023112 	22809270 	20617492 	19653295 
NAT,NR,LT25,RO	: 	: 	: 	23005 	22169 	25904 
NAT,NR,LT25,SE	1874672 	1754806 	1655504 	1608557 	1537552 	1475754 
NAT,NR,LT25,UK	: 	66302854 	62706358 	: 	: 	: 
NAT,NR,TOTAL,AT	24970562 	24840833 	23938781 	23481554 	23634952 	23761788 
NAT,NR,TOTAL,BE	7312955 	6968325 	7047847 	6926111 	6525416 	6328384 
NAT,NR,TOTAL,BG	7338669 	7454759 	6559421 	6219194 	5926849 	5530525 
NAT,NR,TOTAL,CH	: 	16270673 	16076218 	16050906 	15914410 	15714673 
NAT,NR,TOTAL,CY	829370 	842801 	823689 	816655 	880959 	1070385 
NAT,NR,TOTAL,CZ	15896873 	14623645 	13290176 	11715863 	11824827 	11909718 
NAT,NR,TOTAL,DE	220106409 	213736015 	207127423 	201846444 	196498770 	194561575 
NAT,NR,TOTAL,DK	8684079 	8367196 	7914982 	7298891 	6871591 	6676381 
NAT,NR,TOTAL,EA	726712704 e	718160183 	698981864 	: 	: 	: 
NAT,NR,TOTAL,EE	1612920 	1494672 	1379100 	1290216 	1220369 	1150567 
NAT,NR,TOTAL,EL	14154141 	13943606 	13201273 	13049668 	13007272 	12515232 
NAT,NR,TOTAL,ES	115822030 	114239133 	110254905 	104729889 	100633927 	102101248 
NAT,NR,TOTAL,EU27	: u	936258454 	901611776 	875984334 e	862268232 	865275442 
NAT,NR,TOTAL,EU28	: u	938649301 	903916906 	878096472 e	864461166 	867534069 
NAT,NR,TOTAL,FI	12053240 	11655480 	11464457 	11170690 	11455281 	11718069 
NAT,NR,TOTAL,FR	137848670 	133631681 	131209905 	128341140 	131480572 	133116506 
NAT,NR,TOTAL,HR	2388090 	2390847 	2305130 	2112138 	2192934 	2258627 b
NAT,NR,TOTAL,HU	11552595 	10936903 	10125570 	9419008 	8596983 	8059642 
NAT,NR,TOTAL,IE	: 	13360469 e	14655156 e	15114322 e	14725825 e	14429831 be
NAT,NR,TOTAL,IS	: 	597980 	495844 	499907 	487230 	440768 
NAT,NR,TOTAL,IT	139019451 	135686506 	133270279 	127567695 	128429060 	132909800 
NAT,NR,TOTAL,LI	2110 	1785 	1122 	978 	1664 	3507 
NAT,NR,TOTAL,LT	1553989 	1405779 	1366560 	1292253 	1230428 	1168450 
NAT,NR,TOTAL,LU	167333 	159815 	151836 	160508 	156506 	117513 b
NAT,NR,TOTAL,LV	920269 	872286 	: c	777895 	659799 	698405 b
NAT,NR,TOTAL,ME	: 	230356 	228576 	: 	: 	354937 
NAT,NR,TOTAL,MK	321282 	304403 	283964 	257107 	240782 	238329 
NAT,NR,TOTAL,MT	392664 	345966 	371007 	350228 	325025 	332181 
NAT,NR,TOTAL,NL	22529448 	21420734 	19909913 	19679902 	19038980 	18041508 
NAT,NR,TOTAL,NO	: 	15910519 	15549100 	15007069 	14706469 	14753059 
NAT,NR,TOTAL,PL	33499230 	31405229 	27502446 	24982015 	22604694 	21466114 
NAT,NR,TOTAL,PT	16681689 	15931774 	15152615 	14400193 	12682529 	12424460 
NAT,NR,TOTAL,RO	17441918 	16833366 	15649121 	13813061 	13369830 	13501094 b
NAT,NR,TOTAL,RS	: 	2632318 	2306996 	2073042 	2369018 	2427355 
NAT,NR,TOTAL,SE	27219099 	26472783 	25116876 	23652182 	22557815 	21915646 
NAT,NR,TOTAL,SI	2206260 	2096507 	2051804 	1945189 	1972671 	2045534 
NAT,NR,TOTAL,SK	5867971 	5527801 	4784423 	4137568 	4151302 	3924779 
NAT,NR,TOTAL,TR	: 	46533141 	37443626 	32397362 	33085411 	: 
NAT,NR,TOTAL,UK	: 	102004390 	96471320 	: 	101806000 	103874000 b
NAT,PCH_PRE,100-249,BG	0.73 	17.7 	11.56 	2.91 	8.7 	: 
NAT,PCH_PRE,100-249,CY	-5.72 	-14.15 	7.03 	: 	: 	: 
NAT,PCH_PRE,100-249,CZ	-35.66 	9.81 	85.95 	8.33 	-2.6 	: 
NAT,PCH_PRE,100-249,DE	6.09 	4.71 	4.7 	5.21 	4.1 	: 
NAT,PCH_PRE,100-249,EA	: u	: u	: u	: 	: 	: 
NAT,PCH_PRE,100-249,EL	0.03 	4.8 	-3.26 	1.3 	8.28 	: 
NAT,PCH_PRE,100-249,ES	0.85 	3.64 	2.55 	3.65 	-0.4 	: 
NAT,PCH_PRE,100-249,EU27	: u	: u	: u	: u	: u	: 
NAT,PCH_PRE,100-249,EU28	: u	: u	: u	: u	: u	: 
NAT,PCH_PRE,100-249,HR	-4.37 	2.32 	11.46 	-0.62 	-5.3 	: 
NAT,PCH_PRE,100-249,HU	2.83 	5.44 	4.04 	: 	: 	: 
NAT,PCH_PRE,100-249,IS	: 	-11.12 	-37.22 	11.23 	50.8 	: 
NAT,PCH_PRE,100-249,LT	18.67 	1.81 	5.9 	-1.6 	-0.7 	: 
NAT,PCH_PRE,100-249,LV	1.81 	7.54 	12.07 	: c	: 	: 
NAT,PCH_PRE,100-249,MT	11.19 	-0.26 	-7.71 	12.39 	33.6 	: 
NAT,PCH_PRE,100-249,NO	: 	1.8 	2.7 	1.04 	3.5 	: 
NAT,PCH_PRE,100-249,PL	5.07 	13.38 	19.09 	9.21 	18.6 	: 
NAT,PCH_PRE,100-249,RO	: 	: 	: 	0.81 	6.1 	: 
NAT,PCH_PRE,100-249,SE	0.68 	7.01 	6.75 	3.65 	3.3 	: 
NAT,PCH_PRE,100-249,UK	: 	5.26 	: 	: 	: 	: 
NAT,PCH_PRE,25-99,BG	0.38 	14.21 	0.21 	7.36 	8.5 	: 
NAT,PCH_PRE,25-99,CY	-0.54 	16.1 	1.94 	: 	: 	: 
NAT,PCH_PRE,25-99,CZ	-6.32 	8.63 	28.94 	4.27 	-1 	: 
NAT,PCH_PRE,25-99,DE	2.19 	3.32 	2.82 	2.25 	-0.3 	: 
NAT,PCH_PRE,25-99,EA	: u	: u	: u	: 	: 	: 
NAT,PCH_PRE,25-99,EL	3.63 	5.59 	1.6 	1.1 	2.42 	: 
NAT,PCH_PRE,25-99,ES	4.9 	4.46 	6.59 	5.23 	-1.7 	: 
NAT,PCH_PRE,25-99,EU27	: u	: u	: u	: u	: u	: 
NAT,PCH_PRE,25-99,EU28	: u	: u	: u	: u	: u	: 
NAT,PCH_PRE,25-99,HR	3.92 	3.26 	2.05 	-7.55 	2.6 	: 
NAT,PCH_PRE,25-99,HU	6.74 	6.77 	9.98 	: 	: 	: 
NAT,PCH_PRE,25-99,IS	: 	33.23 	44.44 	-1.14 	-14.7 	: 
NAT,PCH_PRE,25-99,LT	8.32 	6.3 	8.35 	14.59 	2 	: 
NAT,PCH_PRE,25-99,LV	4.5 	2.92 	-5.45 	28.84 	1.6 	: 
NAT,PCH_PRE,25-99,MT	13.23 	-6.3 	5.37 	11.35 	290.5 	: 
NAT,PCH_PRE,25-99,NO	: 	0.68 	0.58 	-0.44 	-2.5 	: 
NAT,PCH_PRE,25-99,PL	7.11 	22.91 	11.57 	8.92 	5.2 	: 
NAT,PCH_PRE,25-99,RO	: 	: 	: 	3.49 	-3.2 	: 
NAT,PCH_PRE,25-99,SE	2.21 	3.71 	3.79 	3.72 	-0.2 	: 
NAT,PCH_PRE,25-99,UK	: 	5.74 	: 	: 	: 	: 
NAT,PCH_PRE,GE100,BG	-2.42 	14.96 	8.3 	4.01 	5.9 	: 
NAT,PCH_PRE,GE100,CY	-5.68 	-10.66 	2.89 	: 	: 	: 
NAT,PCH_PRE,GE100,CZ	-48.96 	11.81 	136.77 	-0.76 	-1.9 	: 
NAT,PCH_PRE,GE100,DE	5.96 	3.8 	3.54 	4.82 	3.8 	: 
NAT,PCH_PRE,GE100,EA	: u	: u	: u	: 	: 	: 
NAT,PCH_PRE,GE100,EL	-2.02 	5.21 	1.85 	0.5 	6.47 	: 
NAT,PCH_PRE,GE100,ES	-0.44 	1.61 	2.98 	3.11 	-1.2 	: 
NAT,PCH_PRE,GE100,EU27	: u	: u	: u	: u	: u	: 
NAT,PCH_PRE,GE100,EU28	: u	: u	: u	: u	: u	: 
NAT,PCH_PRE,GE100,HR	-3 	3.93 	12.63 	-1.89 	-6.1 	: 
NAT,PCH_PRE,GE100,HU	4.03 	8.83 	3.73 	: 	: 	: 
NAT,PCH_PRE,GE100,IS	: 	6.52 	-54.07 	4.66 	93 	: 
NAT,PCH_PRE,GE100,LT	16.7 	1.31 	5.78 	0.26 	0.9 	: 
NAT,PCH_PRE,GE100,LV	7.38 	9.9 	7.85 	11.44 	2.1 	: 
NAT,PCH_PRE,GE100,MT	11.89 	-7.87 	5.4 	7.18 	-15.1 	: 
NAT,PCH_PRE,GE100,NO	: 	3.16 	5.32 	3.49 	1.5 	: 
NAT,PCH_PRE,GE100,PL	1.23 	10.4 	17.83 	9.95 	16.9 	: 
NAT,PCH_PRE,GE100,RO	: 	: 	: 	3.31 	-0.9 	: 
NAT,PCH_PRE,GE100,SE	2.68 	6.13 	7.72 	5.44 	4.4 	: 
NAT,PCH_PRE,GE100,UK	: 	5.74 	: 	: 	: 	: 
NAT,PCH_PRE,GE250,BG	-5.63 	12.31 	5.33 	5.03 	3.5 	: 
NAT,PCH_PRE,GE250,CY	-5.58 	1.73 	-9.57 	: 	: 	: 
NAT,PCH_PRE,GE250,CZ	-69.37 	15.03 	322.44 	-24.03 	0 	: 
NAT,PCH_PRE,GE250,DE	5.59 	1.15 	0.32 	3.77 	3.1 	: 
NAT,PCH_PRE,GE250,EA	: u	: u	: u	: 	: 	: 
NAT,PCH_PRE,GE250,EL	-5.99 	6.02 	13.6 	-1.31 	2.64 	: 
NAT,PCH_PRE,GE250,ES	-2.15 	-0.99 	3.54 	2.44 	-2.2 	: 
NAT,PCH_PRE,GE250,EU27	: u	: u	: u	: u	: u	: 
NAT,PCH_PRE,GE250,EU28	: u	: u	: u	: u	: u	: 
NAT,PCH_PRE,GE250,HR	-1.2 	6.14 	14.29 	-3.63 	-7.2 	: 
NAT,PCH_PRE,GE250,HU	7.77 	20.86 	2.64 	: 	: 	: 
NAT,PCH_PRE,GE250,IS	: 	80 	-78.32 	-3.55 	196.4 	: 
NAT,PCH_PRE,GE250,LT	-5.74 	-4 	4.54 	25.37 	28.5 	: 
NAT,PCH_PRE,GE250,LV	76.61 	51.37 	: c	: c	: 	: 
NAT,PCH_PRE,GE250,MT	12.26 	-11.41 	12.86 	4.42 	-28.8 	: 
NAT,PCH_PRE,GE250,NO	: 	5.97 	11.16 	9.42 	-2.9 	: 
NAT,PCH_PRE,GE250,PL	-9.35 	2.94 	14.77 	11.77 	12.9 	: 
NAT,PCH_PRE,GE250,RO	: 	: 	: 	3.59 	-1.6 	: 
NAT,PCH_PRE,GE250,SE	7.53 	4.06 	10.07 	10.05 	7.6 	: 
NAT,PCH_PRE,GE250,UK	: 	6.62 	: 	: 	: 	: 
NAT,PCH_PRE,LT25,BG	-0.83 	-7.06 	0.54 	2.88 	15.9 	: 
NAT,PCH_PRE,LT25,CY	11.23 	28.89 	-12.11 	: 	: 	: 
NAT,PCH_PRE,LT25,CZ	305.19 	9.21 	-68.18 	-6.05 	0.2 	: 
NAT,PCH_PRE,LT25,DE	-0.15 	2.06 	0.91 	0.57 	-0.6 	: 
NAT,PCH_PRE,LT25,EA	: u	: u	: u	: 	: 	: 
NAT,PCH_PRE,LT25,EL	1.57 	6.59 	-1.7 	-2.51 	4.01 	: 
NAT,PCH_PRE,LT25,ES	-0.09 	9.65 	11.98 	5.35 	-1.7 	: 
NAT,PCH_PRE,LT25,EU27	: u	: u	: u	: u	: u	: 
NAT,PCH_PRE,LT25,EU28	: u	: u	: u	: u	: u	: 
NAT,PCH_PRE,LT25,HR	10.22 	3.37 	5.03 	-4.45 	4.8 	: 
NAT,PCH_PRE,LT25,HU	6.26 	9.14 	9.6 	: 	: 	: 
NAT,PCH_PRE,LT25,IS	: 	8.72 	266.23 	5.5 	-68 	: 
NAT,PCH_PRE,LT25,LT	6.7 	-2.3 	0.5 	-4.75 	18.2 	: 
NAT,PCH_PRE,LT25,LV	3.95 	5.73 	23.5 	-16.83 	: 	: 
NAT,PCH_PRE,LT25,MT	76.14 	61.24 	77.99 	-3.74 	510.8 	: 
NAT,PCH_PRE,LT25,NO	: 	-1.99 	-5.64 	-5.09 	-14.1 	: 
NAT,PCH_PRE,LT25,PL	6.86 	13.85 	9.71 	10.63 	4.9 	: 
NAT,PCH_PRE,LT25,RO	: 	: 	: 	3.77 	-14.4 	: 
NAT,PCH_PRE,LT25,SE	6.83 	6 	2.92 	4.62 	4.2 	: 
NAT,PCH_PRE,LT25,UK	: 	5.74 	: 	: 	: 	: 
NAT,PCH_PRE,TOTAL,AT	0.52 	3.77 	1.95 	-0.65 	-0.53 	2.5 
NAT,PCH_PRE,TOTAL,BE	4.95 	-1.13 	1.76 	6.14 	3.1 	-3.1 
NAT,PCH_PRE,TOTAL,BG	-1.56 	13.65 	5.47 	4.93 	7.2 	7 
NAT,PCH_PRE,TOTAL,CH	: 	1.21 	0.16 	0.86 	1.3 	-0.4 
NAT,PCH_PRE,TOTAL,CY	-1.59 	2.32 	0.86 	-7.3 	-17.7 	-7.3 
NAT,PCH_PRE,TOTAL,CZ	8.71 	10.03 	13.44 	-0.92 	-0.7 	20.9 
NAT,PCH_PRE,TOTAL,DE	2.98 	3.19 	2.62 	2.72 	1 	2.7 
NAT,PCH_PRE,TOTAL,DK	3.79 	5.71 	8.44 	6.22 	2.9 	2.7 
NAT,PCH_PRE,TOTAL,EA	1.19 e	2.74 	3.24 	: 	: 	: 
NAT,PCH_PRE,TOTAL,EE	7.91 	8.38 	6.89 	5.72 	6.1 	3 
NAT,PCH_PRE,TOTAL,EL	1.51 	5.62 	1.16 	0.33 	3.93 	-19.1 
NAT,PCH_PRE,TOTAL,ES	1.39 	3.61 	5.28 	4.07 	-1.4 	-8.4 
NAT,PCH_PRE,TOTAL,EU27	: u	3.84 	2.93 	1.59 e	-0.36 	1.6 
NAT,PCH_PRE,TOTAL,EU28	: u	3.84 	2.94 	1.58 e	-0.36 	1.6 
NAT,PCH_PRE,TOTAL,FI	3.41 	1.67 	2.63 	-2.48 	-2.2 	0.5 
NAT,PCH_PRE,TOTAL,FR	3.16 	1.85 	2.24 	-2.39 	-1.2 	-1.4 
NAT,PCH_PRE,TOTAL,HR	-0.12 	3.72 	9.14 	-3.68 	-2.9 	-6.4 b
NAT,PCH_PRE,TOTAL,HU	5.63 	8.01 	7.5 	9.56 	6.7 	8.7 
NAT,PCH_PRE,TOTAL,IE	: 	-8.83 e	-3.04 e	2.64 e	2.1 e	116.1 be
NAT,PCH_PRE,TOTAL,IS	: 	20.6 	-0.81 	2.6 	10.5 	6.5 
NAT,PCH_PRE,TOTAL,IT	2.46 	1.81 	4.47 	-0.67 	-3.4 	-5 
NAT,PCH_PRE,TOTAL,LI	18.21 	59.09 	14.72 	-41.23 	-52.6 	-28.8 
NAT,PCH_PRE,TOTAL,LT	10.54 	2.87 	5.75 	5.02 	5.3 	14.7 
NAT,PCH_PRE,TOTAL,LU	4.7 	5.26 	-5.4 	2.56 	33.2 	23.1 b
NAT,PCH_PRE,TOTAL,LV	5.5 	6.26 	: c	17.9 	-5.5 	-7.7 b
NAT,PCH_PRE,TOTAL,ME	: 	0.78 	: 	: 	: 	10.5 
NAT,PCH_PRE,TOTAL,MK	5.54 	7.2 	10.45 	6.78 	1 	1.1 
NAT,PCH_PRE,TOTAL,MT	13.5 	-6.75 	5.93 	7.75 	-2.2 	4.2 
NAT,PCH_PRE,TOTAL,NL	5.18 	7.59 	1.17 	3.37 	5.5 	0.8 
NAT,PCH_PRE,TOTAL,NO	: 	2.32 	3.61 	2.04 	-0.3 	3.1 
NAT,PCH_PRE,TOTAL,PL	6.67 	14.19 	10.09 	10.52 	5.3 	3.3 
NAT,PCH_PRE,TOTAL,PT	4.71 	5.14 	5.23 	13.54 	2.1 	-7.5 
NAT,PCH_PRE,TOTAL,RO	3.62 	7.57 	13.29 	3.32 	-1 	-6.1 b
NAT,PCH_PRE,TOTAL,RS	: 	14.1 	11.29 	-12.49 	-2.4 	: 
NAT,PCH_PRE,TOTAL,SE	2.82 	5.4 	6.19 	4.85 	2.9 	2.1 
NAT,PCH_PRE,TOTAL,SI	5.24 	2.18 	5.48 	-1.39 	-3.6 	-6.1 
NAT,PCH_PRE,TOTAL,SK	6.15 	15.54 	15.63 	-0.33 	5.8 	4.8 
NAT,PCH_PRE,TOTAL,TR	: 	24.28 	15.58 	-2.08 	: 	: 
NAT,PCH_PRE,TOTAL,UK	: 	5.74 	: 	: 	-1.99 	22.3 b
TOTAL,NR,100-249,BG	5179122 	5096501 	3964718 	3807043 	3876093 	3437699 
TOTAL,NR,100-249,CY	8457406 	7702741 	6634236 	6868462 	: 	: 
TOTAL,NR,100-249,CZ	9061600 	10212012 	9584230 	7748587 	7494269 	7525170 
TOTAL,NR,100-249,DE	84481578 	79770112 	76593470 	72342435 	68527502 	65442854 
TOTAL,NR,100-249,EA	: u	: u	: u	: 	: 	: 
TOTAL,NR,100-249,EL	26838693 	24564047 	23104922 	22535880 	21812170 	19431408 
TOTAL,NR,100-249,ES	114854398 	111144674 	103072238 	100905882 	97253803 	94488837 
TOTAL,NR,100-249,EU27	: u	: u	: u	: u	: u	: 
TOTAL,NR,100-249,EU28	: u	: u	: u	: u	: u	: 
TOTAL,NR,100-249,HR	10118961 	9666710 	9456490 	8988553 	9108218 	9191317 
TOTAL,NR,100-249,HU	7960779 	7457207 	7039300 	6803352 	: 	: 
TOTAL,NR,100-249,IS	: 	1321411 	1016354 	1227270 	1067634 	482071 
TOTAL,NR,100-249,LT	1416076 	1313130 	1190833 	1174476 	1127408 	1036600 
TOTAL,NR,100-249,LV	1547376 	1421697 	1318367 	1275605 	1154922 	: c
TOTAL,NR,100-249,ME	: 	1053187 	: 	: 	: 	: 
TOTAL,NR,100-249,MT	3317097 	3308652 	3316437 	3307323 	2906692 	1494796 
TOTAL,NR,100-249,NO	: 	10534702 	10054067 	9664527 	9430758 	9164125 
TOTAL,NR,100-249,PL	1434389 	1388056 	1222506 	1063821 	1005684 	843941 
TOTAL,NR,100-249,RO	: 	: 	: 	1542604 	1522476 	1447848 
TOTAL,NR,100-249,SE	15999281 	15674397 	14627671 	13601512 	12978814 	12640086 
TOTAL,NR,100-249,UK	: 	18827243 	17177961 	: 	: 	: 
TOTAL,NR,25-99,BG	3416831 	3314570 	2909327 	2974962 	2745998 	2482681 
TOTAL,NR,25-99,CY	3491867 	3259425 	2720111 	2835699 	: 	: 
TOTAL,NR,25-99,CZ	16277850 	12608420 	11781632 	13051992 	12837395 	12729128 
TOTAL,NR,25-99,DE	113783206 	110951192 	108076428 	104887714 	102045008 	101702187 
TOTAL,NR,25-99,EA	: u	: u	: u	: 	: 	: 
TOTAL,NR,25-99,EL	30370664 	27888499 	27157787 	26267414 	24230755 	21815755 
TOTAL,NR,25-99,ES	79514005 	74812142 	69743809 	65610340 	62906329 	63213022 
TOTAL,NR,25-99,EU27	: u	: u	: u	: u	: u	: 
TOTAL,NR,25-99,EU28	: u	: u	: u	: u	: u	: 
TOTAL,NR,25-99,HR	4045221 	3837653 	3558466 	3353481 	3467785 	3425951 
TOTAL,NR,25-99,HU	8996177 	8318863 	7684443 	7067890 	: 	: 
TOTAL,NR,25-99,IS	: 	2521998 	2030451 	976566 	884858 	1286099 
TOTAL,NR,25-99,LT	1889156 	1793350 	1715361 	1652114 	1532177 	1472947 
TOTAL,NR,25-99,LV	1385185 	1306005 	1289762 	1303022 	1129199 	1029372 
TOTAL,NR,25-99,ME	: 	610414 	: 	: 	: 	: 
TOTAL,NR,25-99,MT	1646383 	1518831 	1479608 	1413138 	1423437 	335284 
TOTAL,NR,25-99,NO	: 	5728700 	5580708 	5587909 	5491809 	5656063 
TOTAL,NR,25-99,PL	2522647 	2363271 	1913292 	1738768 	1608752 	1544649 
TOTAL,NR,25-99,RO	: 	: 	: 	362902 	345354 	356274 
TOTAL,NR,25-99,SE	10044202 	9772248 	9435809 	8942121 	8618086 	8589620 
TOTAL,NR,25-99,UK	: 	38610250 	37194366 	: 	: 	: 
TOTAL,NR,GE100,BG	20269744 	19614863 	16331603 	16585617 	16757107 	15838812 
TOTAL,NR,GE100,CY	12588919 	11467364 	10105169 	10245112 	: 	: 
TOTAL,NR,GE100,CZ	13938528 	21734717 	20492135 	11677642 	11574149 	11763925 
TOTAL,NR,GE100,DE	116867989 	110670735 	107135385 	102229383 	97223485 	92892797 
TOTAL,NR,GE100,EA	: u	: u	: u	: 	: 	: 
TOTAL,NR,GE100,EL	51209276 	46457725 	44043987 	42306032 	40700407 	36605435 
TOTAL,NR,GE100,ES	235319952 	229979925 	214595881 	208587512 	203472632 	198137158 
TOTAL,NR,GE100,EU27	: u	: u	: u	: u	: u	: 
TOTAL,NR,GE100,EU28	: u	: u	: u	: u	: u	: 
TOTAL,NR,GE100,HR	19009487 	18136808 	17416944 	16584675 	16623640 	16771194 
TOTAL,NR,GE100,HU	12076723 	11435928 	10797427 	10476558 	: 	: 
TOTAL,NR,GE100,IS	: 	1791715 	1356146 	2141579 	1823165 	800611 
TOTAL,NR,GE100,LT	1598421 	1498123 	1370803 	1352077 	1300107 	1207269 
TOTAL,NR,GE100,LV	2015112 	1824907 	1686198 	1659327 	1536550 	1466449 
TOTAL,NR,GE100,ME	: 	2158399 	: 	: 	: 	: 
TOTAL,NR,GE100,MT	7535737 	7080370 	7115055 	7059144 	6777511 	7322128 
TOTAL,NR,GE100,NO	: 	16099950 	15297976 	14257775 	13570514 	13283472 
TOTAL,NR,GE100,PL	1944941 	1918096 	1732415 	1515700 	1434044 	1238412 
TOTAL,NR,GE100,RO	: 	: 	: 	16927403 	16167563 	16119015 
TOTAL,NR,GE100,SE	24229893 	23409500 	22077711 	20181933 	18953549 	18205252 
TOTAL,NR,GE100,UK	: 	27905686 	26745965 	: 	: 	: 
TOTAL,NR,GE250,BG	15090622 	14518362 	12366885 	12778574 	12881014 	12401113 
TOTAL,NR,GE250,CY	4131512 	3764623 	3470932 	3376649 	: 	: 
TOTAL,NR,GE250,CZ	4876928 	11522705 	10907905 	3929055 	4079880 	4238755 
TOTAL,NR,GE250,DE	32386411 	30900623 	30541915 	29886948 	28695983 	27449943 
TOTAL,NR,GE250,EA	: u	: u	: u	: 	: 	: 
TOTAL,NR,GE250,EL	24370583 	21893678 	20939065 	19770152 	18888237 	17174027 
TOTAL,NR,GE250,ES	120465553 	118835251 	111523643 	107681630 	106218830 	103648320 
TOTAL,NR,GE250,EU27	: u	: u	: u	: u	: u	: 
TOTAL,NR,GE250,EU28	: u	: u	: u	: u	: u	: 
TOTAL,NR,GE250,HR	8890526 	8470098 	7960454 	7596122 	7515422 	7579877 
TOTAL,NR,GE250,HU	4115944 	3978721 	3758127 	3673206 	: 	: 
TOTAL,NR,GE250,IS	: 	470304 	339792 	914309 	755531 	318540 
TOTAL,NR,GE250,LT	182345 	184993 	179970 	177601 	172699 	170669 
TOTAL,NR,GE250,LV	467736 	403210 	367831 	383722 	: 	: c
TOTAL,NR,GE250,ME	: 	1105212 	: 	: 	: 	: 
TOTAL,NR,GE250,MT	4218640 	3771718 	3798618 	3751821 	3870819 	5827333 
TOTAL,NR,GE250,NO	: 	5565248 	5243909 	4593248 	4139756 	4119347 
TOTAL,NR,GE250,PL	510552 	530040 	509909 	451879 	428360 	394471 
TOTAL,NR,GE250,RO	: 	: 	: 	15384799 	14645087 	14671167 
TOTAL,NR,GE250,SE	8230612 	7735103 	7450040 	6580421 	5974735 	5565166 
TOTAL,NR,GE250,UK	: 	9078443 	9568005 	: 	: 	: 
TOTAL,NR,LT25,BG	384716 	390098 	414211 	422613 	411259 	360739 
TOTAL,NR,LT25,CY	695041 	620453 	546687 	608699 	: 	: 
TOTAL,NR,LT25,CZ	9373824 	2149602 	1986675 	6957060 	7484975 	7353070 
TOTAL,NR,LT25,DE	58108071 	57974838 	56805801 	56041236 	55552941 	55495741 
TOTAL,NR,LT25,EA	: u	: u	: u	: 	: 	: 
TOTAL,NR,LT25,EL	6048433 	5538800 	5570339 	5378195 	5134392 	4633549 
TOTAL,NR,LT25,ES	25743862 	26376877 	23896038 	21062777 	19651199 	19309369 
TOTAL,NR,LT25,EU27	: u	: u	: u	: u	: u	: 
TOTAL,NR,LT25,EU28	: u	: u	: u	: u	: u	: 
TOTAL,NR,LT25,HR	1481834 	1288385 	1180934 	1065906 	1002111 	940834 
TOTAL,NR,LT25,HU	3233749 	2983864 	2736221 	2527676 	: 	: 
TOTAL,NR,LT25,IS	: 	855753 	722293 	169016 	125747 	378379 
TOTAL,NR,LT25,LT	593175 	543805 	527225 	539235 	567231 	489979 
TOTAL,NR,LT25,LV	445049 	416659 	398108 	345488 	: 	346561 
TOTAL,NR,LT25,ME	: 	356026 	: 	: 	: 	: 
TOTAL,NR,LT25,MT	127556 	101230 	78692 	60310 	64428 	19021 
TOTAL,NR,LT25,NO	: 	654946 	659858 	743043 	713029 	864097 
TOTAL,NR,LT25,PL	42670410 	40042081 	35159107 	32394769 	29691363 	28107603 
TOTAL,NR,LT25,RO	: 	: 	: 	25235 	23304 	27287 
TOTAL,NR,LT25,SE	2280013 	2133678 	2004358 	1949558 	1860939 	1771219 
TOTAL,NR,LT25,UK	: 	123529604 	118746329 	: 	: 	: 
TOTAL,NR,TOTAL,AT	91612341 	90084612 	87266234 	85311355 	85772040 	85121684 
TOTAL,NR,TOTAL,BE	18944870 	17183395 	19082399 	19007946 	18149913 	17874797 
TOTAL,NR,TOTAL,BG	24071291 	23319531 	19655141 	19983192 	19914364 	18682232 
TOTAL,NR,TOTAL,CH	: 	35532576 	35628476 	35933512 	35623883 	34766273 
TOTAL,NR,TOTAL,CY	16775825 	15347243 	13371967 	13689509 	14022197 	14546723 
TOTAL,NR,TOTAL,CZ	39590202 	36492739 	34260442 	31686694 	31896519 	31846123 
TOTAL,NR,TOTAL,DE	288759266 	279596765 	272017614 	263158333 	254821434 	250090725 
TOTAL,NR,TOTAL,DK	15546971 	15008216 	14402049 	13780467 	12881674 	12400183 
TOTAL,NR,TOTAL,EA	1507993327 e	1467142175 	1416359546 	: 	: 	: 
TOTAL,NR,TOTAL,EE	5267045 	5054025 	4747051 	4805892 	4757244 	4649250 
TOTAL,NR,TOTAL,EL	87628373 	79885024 	76772113 	73951641 	70065554 	63054739 
TOTAL,NR,TOTAL,ES	340577818 	331168945 	308235728 	295260630 	286030160 	280659549 
TOTAL,NR,TOTAL,EU27	: u	1855618693 	1780654129 	1717501032 e	1683751789 	1643233707 
TOTAL,NR,TOTAL,EU28	: u	1878881539 	1802810473 	1738505094 e	1704845325 	1664371686 
TOTAL,NR,TOTAL,FI	17779519 	16628662 	16141102 	15965905 	16361416 	16666515 
TOTAL,NR,TOTAL,FR	214274813 	203877048 	205666832 	201894087 	205100470 	201900781 
TOTAL,NR,TOTAL,HR	24536542 	23262846 	22156344 	21004062 	21093536 	21137979 b
TOTAL,NR,TOTAL,HU	24306649 	22738655 	21218091 	20072124 	18964305 	17997910 
TOTAL,NR,TOTAL,IE	: 	26264513 e	25445116 e	23782525 e	23384649 e	23860267 be
TOTAL,NR,TOTAL,IS	: 	5169466 	4108890 	3287161 	2833770 	2465089 
TOTAL,NR,TOTAL,IT	275133547 	267675213 	262951143 	254941435 	254759348 	255610143 
TOTAL,NR,TOTAL,LI	127232 	109416 	91541 	109972 	113197 	114852 
TOTAL,NR,TOTAL,LT	4080752 	3835278 	3613389 	3543426 	3399515 	3170195 
TOTAL,NR,TOTAL,LU	1693749 	1753464 	1738110 	1698773 	1569926 	1541786 b
TOTAL,NR,TOTAL,LV	3845346 	3547571 	3374068 	3307837 	2954395 	2842382 b
TOTAL,NR,TOTAL,ME	: 	3124839 	2856024 	: 	: 	2976279 
TOTAL,NR,TOTAL,MK	1537559 	1293102 	1241767 	1083730 	1036348 	965575 
TOTAL,NR,TOTAL,MT	9309675 	8700431 	8673355 	8532592 	8265375 	7676434 
TOTAL,NR,TOTAL,NL	48872828 	44589977 	41617478 	39863690 	37389949 	34975562 
TOTAL,NR,TOTAL,NO	: 	22483596 	21538542 	20588727 	19775352 	19803632 
TOTAL,NR,TOTAL,PL	47137998 	44323448 	38804814 	35649237 	32734159 	30890664 
TOTAL,NR,TOTAL,PT	59534386 	55258227 	50627129 	47450257 	42507098 	39681040 
TOTAL,NR,TOTAL,RO	22241911 	21232963 	19749508 	17316583 	16537621 	16502576 b
TOTAL,NR,TOTAL,RS	: 	4985238 	4373138 	3857582 	3985666 	3945932 
TOTAL,NR,TOTAL,SE	36554108 	35315426 	33517878 	31073612 	29432574 	28566091 
TOTAL,NR,TOTAL,SI	7751074 	7081194 	6592149 	6239202 	6174738 	6195576 
TOTAL,NR,TOTAL,SK	10117733 	9610588 	8426569 	7308975 	7680041 	7254352 
TOTAL,NR,TOTAL,TR	: 	112190247 	133789181 	129712304 	122628319 	: 
TOTAL,NR,TOTAL,UK	: 	190045540 	182686660 	: 	178225113 	169143158 b
TOTAL,PCH_PRE,100-249,BG	1.62 	28.55 	4.14 	-1.78 	12.8 	: 
TOTAL,PCH_PRE,100-249,CY	9.8 	16.11 	-3.41 	: 	: 	: 
TOTAL,PCH_PRE,100-249,CZ	-11.27 	6.55 	23.69 	3.39 	-0.4 	: 
TOTAL,PCH_PRE,100-249,DE	5.91 	4.15 	5.88 	5.57 	4.7 	: 
TOTAL,PCH_PRE,100-249,EA	: u	: u	: u	: 	: 	: 
TOTAL,PCH_PRE,100-249,EL	9.26 	6.32 	2.53 	3.32 	12.25 	: 
TOTAL,PCH_PRE,100-249,ES	3.34 	7.83 	2.15 	3.76 	2.9 	: 
TOTAL,PCH_PRE,100-249,EU27	: u	: u	: u	: u	: u	: 
TOTAL,PCH_PRE,100-249,EU28	: u	: u	: u	: u	: u	: 
TOTAL,PCH_PRE,100-249,HR	4.68 	2.22 	5.21 	-1.31 	-0.9 	: 
TOTAL,PCH_PRE,100-249,HU	6.75 	5.94 	3.47 	: 	: 	: 
TOTAL,PCH_PRE,100-249,IS	: 	30.01 	-17.19 	14.95 	121.5 	: 
TOTAL,PCH_PRE,100-249,LT	7.84 	10.27 	1.39 	4.17 	8.8 	: 
TOTAL,PCH_PRE,100-249,LV	8.84 	7.84 	3.35 	10.45 	: 	: 
TOTAL,PCH_PRE,100-249,MT	0.26 	-0.23 	0.28 	13.78 	94.5 	: 
TOTAL,PCH_PRE,100-249,NO	: 	4.78 	4.03 	2.48 	2.9 	: 
TOTAL,PCH_PRE,100-249,PL	3.34 	13.54 	14.92 	5.78 	19.2 	: 
TOTAL,PCH_PRE,100-249,RO	: 	: 	: 	1.32 	5.2 	: 
TOTAL,PCH_PRE,100-249,SE	2.07 	7.16 	7.54 	4.8 	2.7 	: 
TOTAL,PCH_PRE,100-249,UK	: 	9.6 	: 	: 	: 	: 
TOTAL,PCH_PRE,25-99,BG	3.09 	13.93 	-2.21 	8.34 	10.6 	: 
TOTAL,PCH_PRE,25-99,CY	7.13 	19.83 	-4.08 	: 	: 	: 
TOTAL,PCH_PRE,25-99,CZ	29.1 	7.02 	-9.73 	1.67 	0.9 	: 
TOTAL,PCH_PRE,25-99,DE	2.55 	2.66 	3.04 	2.79 	0.3 	: 
TOTAL,PCH_PRE,25-99,EA	: u	: u	: u	: 	: 	: 
TOTAL,PCH_PRE,25-99,EL	8.9 	2.69 	3.39 	8.41 	11.07 	: 
TOTAL,PCH_PRE,25-99,ES	6.28 	7.27 	6.3 	4.3 	-0.5 	: 
TOTAL,PCH_PRE,25-99,EU27	: u	: u	: u	: u	: u	: 
TOTAL,PCH_PRE,25-99,EU28	: u	: u	: u	: u	: u	: 
TOTAL,PCH_PRE,25-99,HR	5.41 	7.85 	6.11 	-3.3 	1.2 	: 
TOTAL,PCH_PRE,25-99,HU	8.14 	8.26 	8.72 	: 	: 	: 
TOTAL,PCH_PRE,25-99,IS	: 	24.21 	107.92 	10.36 	-31.2 	: 
TOTAL,PCH_PRE,25-99,LT	5.34 	4.55 	3.83 	7.83 	4 	: 
TOTAL,PCH_PRE,25-99,LV	6.06 	1.26 	-1.02 	15.39 	9.7 	: 
TOTAL,PCH_PRE,25-99,MT	8.4 	2.65 	4.7 	-0.72 	324.5 	: 
TOTAL,PCH_PRE,25-99,NO	: 	2.65 	-0.13 	1.75 	-2.9 	: 
TOTAL,PCH_PRE,25-99,PL	6.74 	23.52 	10.04 	8.08 	4.2 	: 
TOTAL,PCH_PRE,25-99,RO	: 	: 	: 	5.08 	-3.1 	: 
TOTAL,PCH_PRE,25-99,SE	2.78 	3.57 	5.52 	3.76 	0.3 	: 
TOTAL,PCH_PRE,25-99,UK	: 	3.81 	: 	: 	: 	: 
TOTAL,PCH_PRE,GE100,BG	3.34 	20.1 	-1.53 	-1.02 	5.8 	: 
TOTAL,PCH_PRE,GE100,CY	9.78 	13.48 	-1.37 	: 	: 	: 
TOTAL,PCH_PRE,GE100,CZ	-35.87 	6.06 	75.48 	0.89 	-1.6 	: 
TOTAL,PCH_PRE,GE100,DE	5.6 	3.3 	4.8 	5.15 	4.7 	: 
TOTAL,PCH_PRE,GE100,EA	: u	: u	: u	: 	: 	: 
TOTAL,PCH_PRE,GE100,EL	10.23 	5.48 	4.11 	3.94 	11.19 	: 
TOTAL,PCH_PRE,GE100,ES	2.32 	7.17 	2.88 	2.51 	2.7 	: 
TOTAL,PCH_PRE,GE100,EU27	: u	: u	: u	: u	: u	: 
TOTAL,PCH_PRE,GE100,EU28	: u	: u	: u	: u	: u	: 
TOTAL,PCH_PRE,GE100,HR	4.81 	4.13 	5.02 	-0.23 	-0.9 	: 
TOTAL,PCH_PRE,GE100,HU	5.6 	5.91 	3.06 	: 	: 	: 
TOTAL,PCH_PRE,GE100,IS	: 	32.12 	-36.68 	17.46 	127.7 	: 
TOTAL,PCH_PRE,GE100,LT	6.69 	9.29 	1.38 	4 	7.7 	: 
TOTAL,PCH_PRE,GE100,LV	10.42 	8.23 	1.62 	7.99 	4.8 	: 
TOTAL,PCH_PRE,GE100,MT	6.43 	-0.49 	0.79 	4.16 	-7.4 	: 
TOTAL,PCH_PRE,GE100,NO	: 	5.24 	7.3 	5.06 	2.2 	: 
TOTAL,PCH_PRE,GE100,PL	1.4 	10.72 	14.3 	5.69 	15.8 	: 
TOTAL,PCH_PRE,GE100,RO	: 	: 	: 	4.7 	0.3 	: 
TOTAL,PCH_PRE,GE100,SE	3.5 	6.03 	9.39 	6.48 	4.1 	: 
TOTAL,PCH_PRE,GE100,UK	: 	4.34 	: 	: 	: 	: 
TOTAL,PCH_PRE,GE250,BG	3.94 	17.4 	-3.22 	-0.8 	3.9 	: 
TOTAL,PCH_PRE,GE250,CY	9.75 	8.46 	2.79 	: 	: 	: 
TOTAL,PCH_PRE,GE250,CZ	-57.68 	5.64 	177.62 	-3.7 	-3.7 	: 
TOTAL,PCH_PRE,GE250,DE	4.81 	1.17 	2.19 	4.15 	4.5 	: 
TOTAL,PCH_PRE,GE250,EA	: u	: u	: u	: 	: 	: 
TOTAL,PCH_PRE,GE250,EL	11.31 	4.56 	5.91 	4.67 	9.98 	: 
TOTAL,PCH_PRE,GE250,ES	1.37 	6.56 	3.57 	1.38 	2.5 	: 
TOTAL,PCH_PRE,GE250,EU27	: u	: u	: u	: u	: u	: 
TOTAL,PCH_PRE,GE250,EU28	: u	: u	: u	: u	: u	: 
TOTAL,PCH_PRE,GE250,HR	4.96 	6.4 	4.8 	1.07 	-0.9 	: 
TOTAL,PCH_PRE,GE250,HU	3.45 	5.87 	2.31 	: 	: 	: 
TOTAL,PCH_PRE,GE250,IS	: 	38.41 	-62.84 	21.02 	137.2 	: 
TOTAL,PCH_PRE,GE250,LT	-1.43 	2.79 	1.33 	2.84 	1.2 	: 
TOTAL,PCH_PRE,GE250,LV	16 	9.62 	-4.14 	9.7 	: 	: 
TOTAL,PCH_PRE,GE250,MT	11.85 	-0.71 	1.25 	-3.07 	-33.6 	: 
TOTAL,PCH_PRE,GE250,NO	: 	6.13 	14.17 	10.95 	0.5 	: 
TOTAL,PCH_PRE,GE250,PL	-3.68 	3.95 	12.84 	5.49 	8.6 	: 
TOTAL,PCH_PRE,GE250,RO	: 	: 	: 	5.05 	-0.2 	: 
TOTAL,PCH_PRE,GE250,SE	6.41 	3.83 	13.22 	10.14 	7.4 	: 
TOTAL,PCH_PRE,GE250,UK	: 	-5.12 	: 	: 	: 	: 
TOTAL,PCH_PRE,LT25,BG	-1.38 	-5.82 	-1.99 	2.76 	14 	: 
TOTAL,PCH_PRE,LT25,CY	12.02 	13.49 	-10.19 	: 	: 	: 
TOTAL,PCH_PRE,LT25,CZ	336.07 	8.2 	-71.44 	-7.05 	1.8 	: 
TOTAL,PCH_PRE,LT25,DE	0.23 	2.06 	1.36 	0.88 	0.1 	: 
TOTAL,PCH_PRE,LT25,EA	: u	: u	: u	: 	: 	: 
TOTAL,PCH_PRE,LT25,EL	9.2 	-0.57 	3.57 	4.75 	10.81 	: 
TOTAL,PCH_PRE,LT25,ES	-2.4 	10.38 	13.45 	7.18 	1.8 	: 
TOTAL,PCH_PRE,LT25,EU27	: u	: u	: u	: u	: u	: 
TOTAL,PCH_PRE,LT25,EU28	: u	: u	: u	: u	: u	: 
TOTAL,PCH_PRE,LT25,HR	15.01 	9.1 	10.79 	6.37 	6.5 	: 
TOTAL,PCH_PRE,LT25,HU	8.37 	9.05 	8.25 	: 	: 	: 
TOTAL,PCH_PRE,LT25,IS	: 	18.48 	327.35 	34.41 	-66.8 	: 
TOTAL,PCH_PRE,LT25,LT	9.08 	3.14 	-2.23 	-4.94 	15.8 	: 
TOTAL,PCH_PRE,LT25,LV	6.81 	4.66 	15.23 	143.08 	: 	: 
TOTAL,PCH_PRE,LT25,MT	26.01 	28.64 	30.48 	-6.39 	238.7 	: 
TOTAL,PCH_PRE,LT25,NO	: 	-0.74 	-11.2 	4.21 	-17.5 	: 
TOTAL,PCH_PRE,LT25,PL	6.56 	13.89 	8.53 	9.11 	5.6 	: 
TOTAL,PCH_PRE,LT25,RO	: 	: 	: 	8.29 	-14.6 	: 
TOTAL,PCH_PRE,LT25,SE	6.86 	6.45 	2.81 	4.76 	5.1 	: 
TOTAL,PCH_PRE,LT25,UK	: 	4.03 	: 	: 	: 	: 
TOTAL,PCH_PRE,TOTAL,AT	1.7 	3.23 	2.29 	-0.54 	0.76 	3.4 
TOTAL,PCH_PRE,TOTAL,BE	10.25 	-9.95 	0.39 	4.73 	1.5 	-0.5 
TOTAL,PCH_PRE,TOTAL,BG	3.22 	18.64 	-1.64 	0.35 	6.6 	7 
TOTAL,PCH_PRE,TOTAL,CH	: 	-0.27 	-0.85 	0.87 	2.5 	-2 
TOTAL,PCH_PRE,TOTAL,CY	9.31 	14.77 	-2.32 	-2.37 	-3.6 	3.3 
TOTAL,PCH_PRE,TOTAL,CZ	8.49 	6.52 	8.12 	-0.66 	0.2 	14.2 
TOTAL,PCH_PRE,TOTAL,DE	3.28 	2.79 	3.37 	3.27 	1.9 	3.9 
TOTAL,PCH_PRE,TOTAL,DK	3.59 	4.21 	4.51 	6.98 	3.9 	4.4 
TOTAL,PCH_PRE,TOTAL,EA	2.78 e	3.59 	3.41 	: 	: 	: 
TOTAL,PCH_PRE,TOTAL,EE	4.21 	6.47 	-1.22 	1.02 	2.3 	1.2 
TOTAL,PCH_PRE,TOTAL,EL	9.69 	4.05 	3.81 	5.55 	11.12 	-9 
TOTAL,PCH_PRE,TOTAL,ES	2.84 	7.44 	4.39 	3.23 	1.9 	-2.1 
TOTAL,PCH_PRE,TOTAL,EU27	: u	4.21 	3.68 	2 e	2.46 	1.6 
TOTAL,PCH_PRE,TOTAL,EU28	: u	4.22 	3.7 	1.97 e	2.42 	1.6 
TOTAL,PCH_PRE,TOTAL,FI	6.92 	3.02 	1.1 	-2.42 	-1.8 	1.8 
TOTAL,PCH_PRE,TOTAL,FR	5.1 	-0.87 	1.87 	-1.56 	1.6 	0 
TOTAL,PCH_PRE,TOTAL,HR	5.48 	4.99 	5.49 	-0.42 	-0.2 	3.3 b
TOTAL,PCH_PRE,TOTAL,HU	6.9 	7.17 	5.71 	5.84 	5.4 	11.2 
TOTAL,PCH_PRE,TOTAL,IE	: 	3.22 e	6.99 e	1.7 e	-2 e	: 
TOTAL,PCH_PRE,TOTAL,IS	: 	25.81 	25 	16 	15 	8.1 
TOTAL,PCH_PRE,TOTAL,IT	2.79 	1.8 	3.14 	0.07 	-0.3 	-1.7 
TOTAL,PCH_PRE,TOTAL,LI	16.28 	19.53 	-16.76 	-2.85 	-1.4 	-2.2 
TOTAL,PCH_PRE,TOTAL,LT	6.4 	6.14 	1.97 	4.23 	7.2 	11.8 
TOTAL,PCH_PRE,TOTAL,LU	-3.41 	0.88 	2.32 	8.21 	1.8 	11.9 b
TOTAL,PCH_PRE,TOTAL,LV	8.39 	5.14 	2 	11.96 	3.9 	0.6 b
TOTAL,PCH_PRE,TOTAL,ME	: 	9.41 	: 	: 	: 	0.3 
TOTAL,PCH_PRE,TOTAL,MK	18.9 	4.13 	14.58 	4.57 	7.3 	6.9 
TOTAL,PCH_PRE,TOTAL,MT	7 	0.31 	1.65 	3.23 	7.7 	2 
TOTAL,PCH_PRE,TOTAL,NL	9.6 	7.14 	4.4 	6.62 	6.9 	1.2 
TOTAL,PCH_PRE,TOTAL,NO	: 	4.39 	4.61 	4.11 	-0.1 	3.1 
TOTAL,PCH_PRE,TOTAL,PL	6.35 	14.22 	8.85 	8.91 	6 	5.9 
TOTAL,PCH_PRE,TOTAL,PT	7.74 	9.15 	6.7 	11.63 	7.1 	0.6 
TOTAL,PCH_PRE,TOTAL,RO	4.75 	7.51 	14.05 	4.71 	0.2 	-5 b
TOTAL,PCH_PRE,TOTAL,RS	: 	14 	13.36 	-3.21 	1 	: 
TOTAL,PCH_PRE,TOTAL,SE	3.51 	5.36 	7.87 	5.58 	3 	2.1 
TOTAL,PCH_PRE,TOTAL,SI	9.46 	7.42 	5.66 	1.04 	-0.3 	0.2 
TOTAL,PCH_PRE,TOTAL,SK	5.28 	14.05 	15.29 	-4.83 	5.9 	3.3 
TOTAL,PCH_PRE,TOTAL,TR	: 	-16.14 	3.14 	5.78 	: 	: 
TOTAL,PCH_PRE,TOTAL,UK	: 	4.03 	: 	: 	5.37 	12.1 b
