unit,duration,partner,wstatus,geo\time	2017 	2016 	2015 	2014 	2013 	2012 
NR,N1-3,WORLD,ACT_INAC,AT	4324150 	4292276 	4195713 	4130375 	4264321 	4119170 
NR,N1-3,WORLD,ACT_INAC,BE	3593973 b	3206234 	2970031 	2665112 	2863748 	2206533 
NR,N1-3,WORLD,ACT_INAC,BG	1359755 	1027332 	1024039 	1072023 	656285 	545011 
NR,N1-3,WORLD,ACT_INAC,CH	: 	4666464 	4557444 	4345410 	4372054 	4276835 
NR,N1-3,WORLD,ACT_INAC,CY	248715 e	274419 e	239165 e	246994 e	212165 e	303695 e
NR,N1-3,WORLD,ACT_INAC,CZ	6374793 	6247174 	6107778 	6226692 	5527683 	5658708 
NR,N1-3,WORLD,ACT_INAC,DE	46337128 	50657581 	48199996 	49029356 	50068574 	49895720 
NR,N1-3,WORLD,ACT_INAC,DK	: 	2079622 	2009893 	2218049 	2114792 	2041126 
NR,N1-3,WORLD,ACT_INAC,EE	700280 	606113 	570830 	713966 	596824 	584471 
NR,N1-3,WORLD,ACT_INAC,EL	1121788 	951804 	1077222 	1080235 	856216 	1300026 
NR,N1-3,WORLD,ACT_INAC,ES	20150650 	18417748 	17901013 b	14485336 	14398283 	14344187 
NR,N1-3,WORLD,ACT_INAC,FI	3886110 	3878073 	3792187 	3821595 	3769445 	3850333 
NR,N1-3,WORLD,ACT_INAC,FR	28902754 	26129306 	26356314 	26163620 	26050136 	26484794 
NR,N1-3,WORLD,ACT_INAC,HR	752541 	767760 	799160 b	1044893 	1115937 	1252108 u
NR,N1-3,WORLD,ACT_INAC,HU	: 	3572737 	3362673 	3331117 	3085293 	3296927 
NR,N1-3,WORLD,ACT_INAC,IE	1866111 	1766274 	1683506 	1693883 	1558586 	1670101 
NR,N1-3,WORLD,ACT_INAC,IT	9841982 	11263009 	10156932 	9207873 b	9795305 	11788635 
NR,N1-3,WORLD,ACT_INAC,LT	747404 	755791 	760204 	758073 	756336 	705242 
NR,N1-3,WORLD,ACT_INAC,LU	: 	252348 	270807 	221069 	250057 	207700 
NR,N1-3,WORLD,ACT_INAC,LV	769073 	828852 	784997 	752748 	736221 	655401 
NR,N1-3,WORLD,ACT_INAC,ME	: 	: c	: 	: 	: 	: 
NR,N1-3,WORLD,ACT_INAC,MT	102975 	99512 	81801 	87579 	85515 	85100 
NR,N1-3,WORLD,ACT_INAC,NL	7820627 	7804466 	7460235 	7716141 	7618271 	8053928 
NR,N1-3,WORLD,ACT_INAC,NO	3252539 	2923239 	: 	: 	3181800 	: 
NR,N1-3,WORLD,ACT_INAC,PL	13763180 	13408325 	12379398 	11585800 	10100000 	10810000 
NR,N1-3,WORLD,ACT_INAC,PT	2660677 	2730658 	2624702 	2474601 	2602737 	2223751 
NR,N1-3,WORLD,ACT_INAC,RO	2750546 	2400261 	2618004 	2492287 	2489783 	2055174 
NR,N1-3,WORLD,ACT_INAC,SE	5647239 	3572375 	3370545 	3174420 	: 	: u
NR,N1-3,WORLD,ACT_INAC,SI	625437 	664749 	538088 	581164 e	559414 e	639494 
NR,N1-3,WORLD,ACT_INAC,SK	2097906 	1516980 	1358427 	1203789 	1245513 b	634090 
NR,N1-3,WORLD,ACT_INAC,UK	: 	12241150 	12131100 	13463400 	11769700 	4583000 
NR,N1-3,WORLD,EDUC,ES	2416332 	2254951 	2101101 b	1388213 	1454028 	1406411 
NR,N1-3,WORLD,EDUC,FI	540964 	481930 	487581 	503303 	488189 	549189 
NR,N1-3,WORLD,EDUC,HR	: 	: 	: b	: 	215779 	226712 u
NR,N1-3,WORLD,EDUC,LU	: 	: 	: 	30858 	26242 	: 
NR,N1-3,WORLD,EDUC,LV	85401 	99650 	80374 	: 	: 	: 
NR,N1-3,WORLD,EDUC,NL	1074177 	900252 	959236 	1034410 	1127515 	974481 
NR,N1-3,WORLD,EDUC,SI	: 	97945 	70396 	93908 e	88099 e	103687 
NR,N1-3,WORLD,EMP,ES	11910733 	10865200 	10135210 b	8372959 	8122896 	8167112 
NR,N1-3,WORLD,EMP,FI	2109215 	2150364 	2170346 	2104286 	2104690 	2047570 
NR,N1-3,WORLD,EMP,HR	: 	: 	: b	: 	487974 	567796 u
NR,N1-3,WORLD,EMP,LU	: 	: 	: 	132517 	173241 	: 
NR,N1-3,WORLD,EMP,LV	522759 	584197 	539408 	: 	: 	: 
NR,N1-3,WORLD,EMP,NL	4516346 	4408659 	4174413 	4334368 	4300515 	4669877 
NR,N1-3,WORLD,EMP,SI	: 	375654 	302959 	334703 e	316821 e	351283 
NR,N1-3,WORLD,INAC_OTH,ES	3724577 	3206107 	3268568 b	3181002 	3124699 	3072247 
NR,N1-3,WORLD,INAC_OTH,FI	1030426 	1021485 	957498 	984108 	982534 	1050429 
NR,N1-3,WORLD,INAC_OTH,HR	: 	: 	: b	: 	216069 	292799 u
NR,N1-3,WORLD,INAC_OTH,LU	: 	: 	: 	40984 	35472 	: 
NR,N1-3,WORLD,INAC_OTH,LV	116003 	106009 	118209 	: 	: 	: 
NR,N1-3,WORLD,INAC_OTH,NL	1890131 	1862119 	1745114 	1732544 	1653108 	1854655 
NR,N1-3,WORLD,INAC_OTH,SI	: 	148893 	130721 	109787 e	105106 e	122226 
NR,N1-3,WORLD,UNE,ES	2099009 	2091490 	2396134 b	1543163 	1696661 	1698418 
NR,N1-3,WORLD,UNE,FI	205505 	224294 	176762 	229898 	194031 	203145 
NR,N1-3,WORLD,UNE,HR	: 	: 	: b	: 	196115 	164801 u
NR,N1-3,WORLD,UNE,LU	: 	: 	: 	16710 	15102 	: 
NR,N1-3,WORLD,UNE,LV	44910 	38996 	47006 	: 	: 	: 
NR,N1-3,WORLD,UNE,NL	339973 	633436 	581472 	614818 	537133 	554915 
NR,N1-3,WORLD,UNE,SI	: 	42256 	34012 	42765 e	49388 e	62299 
NR,N_GE1,DOM,ACT_INAC,AT	1304408 	1364017 	1344580 	1348198 	1327722 	1355097 
NR,N_GE1,DOM,ACT_INAC,BE	630985 b	393989 	500435 	440854 	489939 	518284 
NR,N_GE1,DOM,ACT_INAC,BG	1821030 	1622484 	1535770 	1430774 	1196931 	1012968 
NR,N_GE1,DOM,ACT_INAC,CH	: 	629662 	673061 	649558 	672216 	816571 
NR,N_GE1,DOM,ACT_INAC,CY	170162 e	173084 e	191306 e	159756 e	188796 e	203007 e
NR,N_GE1,DOM,ACT_INAC,CZ	3460806 	3624574 	3621755 	3806839 	3152748 	3177297 
NR,N_GE1,DOM,ACT_INAC,DE	13680047 	15124254 	16570030 	16070924 	16487916 	17587516 
NR,N_GE1,DOM,ACT_INAC,DK	: 	1069290 	1038616 	1065837 	996650 	958961 e
NR,N_GE1,DOM,ACT_INAC,EE	: 	257381 	260260 	281740 	230813 	230663 
NR,N_GE1,DOM,ACT_INAC,EL	3073570 	2747432 	2878410 	3062062 	2590468 	3064523 
NR,N_GE1,DOM,ACT_INAC,ES	16992606 	17588030 	16927230 b	16184672 	16707425 	16178398 
NR,N_GE1,DOM,ACT_INAC,FI	1264051 	1327962 	1258190 	1450799 	1391172 	1488515 
NR,N_GE1,DOM,ACT_INAC,FR	25492185 	24838386 	25530695 	24961148 	25667941 	26105790 
NR,N_GE1,DOM,ACT_INAC,HR	903998 	1057604 	1038738 b	1091609 	902595 	946953 u
NR,N_GE1,DOM,ACT_INAC,HU	: 	2813680 	2708696 	2873819 	2851524 	2754432 
NR,N_GE1,DOM,ACT_INAC,IE	712604 	633404 	709202 	696393 	751112 	665185 
NR,N_GE1,DOM,ACT_INAC,IT	13145371 	13663208 	14014287 	12638439 b	15943533 	18542557 
NR,N_GE1,DOM,ACT_INAC,LT	678080 	686732 	720282 	696939 	684333 	643022 
NR,N_GE1,DOM,ACT_INAC,LU	: 	: c	: c	1743 	4051 	2640 
NR,N_GE1,DOM,ACT_INAC,LV	388243 	413034 	399092 	394081 	424712 	404717 
NR,N_GE1,DOM,ACT_INAC,ME	: 	: c	: 	: 	: 	: 
NR,N_GE1,DOM,ACT_INAC,MT	54350 	53122 	48692 	58044 	53814 	75574 
NR,N_GE1,DOM,ACT_INAC,NL	2972054 	3177698 	3170976 	3308568 	3262589 	3199863 
NR,N_GE1,DOM,ACT_INAC,NO	690891 	621870 	: 	: 	554270 	: 
NR,N_GE1,DOM,ACT_INAC,PL	13328185 	12853326 	12063806 	11907720 	12300000 	11320000 
NR,N_GE1,DOM,ACT_INAC,PT	2706666 	2835741 	2747385 	2614722 	2611167 	2553946 
NR,N_GE1,DOM,ACT_INAC,RO	4097763 	3699409 	4068425 	3930320 	3972221 	3682794 
NR,N_GE1,DOM,ACT_INAC,SE	1416153 	2324225 	2144625 	2125850 	: 	: u
NR,N_GE1,DOM,ACT_INAC,SI	184746 	225052 	217678 	232703 e	223629 e	244176 
NR,N_GE1,DOM,ACT_INAC,SK	1574565 	1523774 	1262276 	1204700 	1252382 b	993008 
NR,N_GE1,DOM,ACT_INAC,UK	: 	13372020 	13186000 	13277100 	14175000 	13124000 
NR,N_GE1,DOM,EDUC,ES	1725585 	1773395 	1731220 b	1674795 	1770863 	1635896 
NR,N_GE1,DOM,EDUC,FI	153313 	189469 u	153768 	179492 	168491 	198042 
NR,N_GE1,DOM,EDUC,HR	: 	: 	: b	: 	163676 	192377 u
NR,N_GE1,DOM,EDUC,LU	: 	: 	: 	799 	1827 	441 
NR,N_GE1,DOM,EDUC,LV	51890 	45323 	37843 	: 	: 	: 
NR,N_GE1,DOM,EDUC,NL	285066 	265712 	271448 	362441 	361740 	301930 
NR,N_GE1,DOM,EDUC,SI	: 	21672 	11321 u	22062 e	21683 e	20770 
NR,N_GE1,DOM,EMP,ES	8808866 	9069637 	8465066 b	8239071 	8388937 	8137308 
NR,N_GE1,DOM,EMP,FI	453529 	566486 	554547 	611987 	617055 	660079 
NR,N_GE1,DOM,EMP,HR	: 	: 	: b	: 	381424 	371130 u
NR,N_GE1,DOM,EMP,LU	: 	: 	: 	307 	918 	422 
NR,N_GE1,DOM,EMP,LV	231241 	274023 	244147 	: 	: 	: 
NR,N_GE1,DOM,EMP,NL	1349847 	1502835 	1456008 	1512976 	1528467 	1521139 
NR,N_GE1,DOM,EMP,SI	: 	83498 	92313 	101304 e	99706 e	106800 
NR,N_GE1,DOM,INAC_OTH,ES	4518114 	4478098 	4327134 b	4467080 	4543265 	4396614 
NR,N_GE1,DOM,INAC_OTH,FI	573849 	451404 	482684 	538949 	508750 	519747 
NR,N_GE1,DOM,INAC_OTH,HR	: 	: 	: b	: 	218765 	212226 u
NR,N_GE1,DOM,INAC_OTH,LU	: 	: 	: 	427 	1306 	1386 
NR,N_GE1,DOM,INAC_OTH,LV	82992 	73366 	90315 	: 	: 	: 
NR,N_GE1,DOM,INAC_OTH,NL	1163315 	1060662 	1057152 	1044387 	1007556 	988721 
NR,N_GE1,DOM,INAC_OTH,SI	: 	95837 	103161 	87598 e	81372 e	86080 
NR,N_GE1,DOM,UNE,ES	1940041 	2266901 	2403810 b	1803727 	2004360 	2008580 
NR,N_GE1,DOM,UNE,FI	83360 	120603 u	67191 	120371 	96876 	110647 
NR,N_GE1,DOM,UNE,HR	: 	: 	: b	: 	138730 	171220 u
NR,N_GE1,DOM,UNE,LU	: 	: 	: 	209 	0 u	390 
NR,N_GE1,DOM,UNE,LV	22120 	20322 	26787 	: 	: 	: 
NR,N_GE1,DOM,UNE,NL	173826 	348488 	386368 	388765 	364825 	388072 
NR,N_GE1,DOM,UNE,SI	: 	24044 	10883 u	21739 e	20867 e	30526 
NR,N_GE1,DOT,ACT_INAC,AT	2685317 	2555815 	2488677 	2422224 	2602614 	2558195 
NR,N_GE1,DOT,ACT_INAC,BE	2444516 b	1667107 	1552284 	1149952 	1477964 	1019752 
NR,N_GE1,DOT,ACT_INAC,BG	164877 	101678 	88278 	96309 	79528 	77207 
NR,N_GE1,DOT,ACT_INAC,CH	: 	2905170 	2868726 	2854179 	2944436 	2762098 
NR,N_GE1,DOT,ACT_INAC,CY	179425 e	184631 e	168210 e	161867 e	51563 e	113449 e
NR,N_GE1,DOT,ACT_INAC,CZ	3348560 	3107752 	3085190 	3072152 	2801352 	3017239 
NR,N_GE1,DOT,ACT_INAC,DE	27252768 	26984283 	26734846 	26633382 	26472209 	26001140 
NR,N_GE1,DOT,ACT_INAC,DK	: 	828872 	856505 	878953 	811012 	603543 e
NR,N_GE1,DOT,ACT_INAC,EE	384812 	348776 	334924 	363045 	292871 	297778 
NR,N_GE1,DOT,ACT_INAC,EL	256953 	177770 	201398 	208552 	168317 	136641 
NR,N_GE1,DOT,ACT_INAC,ES	6570032 	5969011 	5505574 b	3169211 	2988885 	3150074 
NR,N_GE1,DOT,ACT_INAC,FI	2616243 	2530621 	2554691 	2332607 	2381930 	2330730 
NR,N_GE1,DOT,ACT_INAC,FR	11116234 	10973195 	11058509 	11204367 	10797102 	10376043 
NR,N_GE1,DOT,ACT_INAC,HR	310880 	318360 	300039 b	330501 	647212 	303975 u
NR,N_GE1,DOT,ACT_INAC,HU	: 	1340228 	1269718 	1119544 	992574 	1137920 
NR,N_GE1,DOT,ACT_INAC,IE	1780109 	1730283 	1576187 	1630277 	1460461 	1548782 
NR,N_GE1,DOT,ACT_INAC,IT	4271156 	4776823 	4085928 	3783097 b	2018905 	2077845 
NR,N_GE1,DOT,ACT_INAC,LT	41825 u	43351 u	40837 u	38485 	37153 u	13933 u
NR,N_GE1,DOT,ACT_INAC,LU	: 	40299 	55555 	43188 	47107 	47434 
NR,N_GE1,DOT,ACT_INAC,LV	370911 	377322 	373357 	339218 	292108 	237563 
NR,N_GE1,DOT,ACT_INAC,ME	: 	: c	: 	: 	: 	: 
NR,N_GE1,DOT,ACT_INAC,MT	88763 	72735 	59605 	65866 	58401 	45199 
NR,N_GE1,DOT,ACT_INAC,NL	5605424 	5579492 	5239625 	5183771 	5377815 	5684702 
NR,N_GE1,DOT,ACT_INAC,NO	2218461 	1992320 	: 	: 	2290810 	: 
NR,N_GE1,DOT,ACT_INAC,PL	3187942 	2956047 	2937478 	2944592 	1900000 	1770000 
NR,N_GE1,DOT,ACT_INAC,PT	623773 	610991 	599567 	518534 	437447 	475601 
NR,N_GE1,DOT,ACT_INAC,RO	50240 	37062 	52981 	46435 	29023 	4584 
NR,N_GE1,DOT,ACT_INAC,SE	3644169 	3169261 	3552731 	3206880 	: 	: u
NR,N_GE1,DOT,ACT_INAC,SI	358607 	357792 	280162 	319105 e	314512 e	371546 
NR,N_GE1,DOT,ACT_INAC,SK	910571 	658160 	695235 	527938 	409535 b	239279 
NR,N_GE1,DOT,ACT_INAC,UK	: 	10517880 	9788100 	10443200 	11120000 	5618000 
NR,N_GE1,DOT,EDUC,ES	993989 	948822 	815111 b	340280 	351271 	385314 
NR,N_GE1,DOT,EDUC,FI	395029 	288438 	329468 	336492 	330909 	362038 
NR,N_GE1,DOT,EDUC,HR	: 	: 	: b	: 	141638 	61754 u
NR,N_GE1,DOT,EDUC,LU	: 	: 	: 	6660 	6889 	: 
NR,N_GE1,DOT,EDUC,LV	30356 	51425 	43358 	: 	: 	: 
NR,N_GE1,DOT,EDUC,NL	783362 	663811 	687494 	648366 	814866 	715491 
NR,N_GE1,DOT,EDUC,SI	: 	46035 	42678 	57795 e	56907 e	73447 
NR,N_GE1,DOT,EMP,ES	4247767 	3841834 	3477302 b	2020293 	1822096 	1944823 
NR,N_GE1,DOT,EMP,FI	1614522 	1554062 	1585599 	1429017 	1481217 	1338729 
NR,N_GE1,DOT,EMP,HR	: 	: 	: b	: 	274704 	119134 u
NR,N_GE1,DOT,EMP,LU	: 	: 	: 	27812 	31295 	: 
NR,N_GE1,DOT,EMP,LV	284271 	280845 	278545 	: 	: 	: 
NR,N_GE1,DOT,EMP,NL	3335003 	3259224 	3020117 	3034930 	3092366 	3350636 
NR,N_GE1,DOT,EMP,SI	: 	222829 	165519 	194234 e	185036 e	212405 
NR,N_GE1,DOT,INAC_OTH,ES	844492 	726895 	727864 b	590212 	565671 	554442 
NR,N_GE1,DOT,INAC_OTH,FI	483990 	578102 	530976 	465310 	478323 	545152 
NR,N_GE1,DOT,INAC_OTH,HR	: 	: 	: b	: 	126732 	68125 u
NR,N_GE1,DOT,INAC_OTH,LU	: 	: 	: 	6866 	7008 	: 
NR,N_GE1,DOT,INAC_OTH,LV	34565 	28099 	32831 	: 	: 	: 
NR,N_GE1,DOT,INAC_OTH,NL	1292016 	1277067 	1211333 	1171573 	1186484 	1339700 
NR,N_GE1,DOT,INAC_OTH,SI	: 	72954 	49915 	45657 e	48761 e	60197 
NR,N_GE1,DOT,UNE,ES	483784 	451461 	485297 b	218427 	249847 	265495 
NR,N_GE1,DOT,UNE,FI	122702 	110019 u	108648 	101788 	91481 	84811 
NR,N_GE1,DOT,UNE,HR	: 	: 	: b	: 	104138 	54962 u
NR,N_GE1,DOT,UNE,LU	: 	: 	: 	1850 	1915 	: 
NR,N_GE1,DOT,UNE,LV	21719 	16954 	18623 	: 	: 	: 
NR,N_GE1,DOT,UNE,NL	195043 	379390 	320681 	328901 	284100 	278875 
NR,N_GE1,DOT,UNE,SI	: 	15975 u	22049 	21419 e	23808 e	25497 
NR,N_GE1,OUT,ACT_INAC,AT	1678636 	1741260 	1711778 	1741378 	1537308 	1524633 
NR,N_GE1,OUT,ACT_INAC,BE	2763075 b	3764342 	3427879 	3664482 	3740856 	2996186 
NR,N_GE1,OUT,ACT_INAC,BG	141562 	116905 	139386 	85246 	121834 	110990 
NR,N_GE1,OUT,ACT_INAC,CH	: 	2582048 	2350075 	2251067 	2094844 	2061887 
NR,N_GE1,OUT,ACT_INAC,CY	142196 e	133300 e	116734 e	122878 e	133048 e	228469 e
NR,N_GE1,OUT,ACT_INAC,CZ	474731 	482327 	483902 	616859 	626863 	529628 
NR,N_GE1,OUT,ACT_INAC,DE	10774431 	11653331 	10515458 	10590728 	11900464 	11212876 
NR,N_GE1,OUT,ACT_INAC,DK	: 	1933877 	1870772 	1919803 	2029940 	1991485 e
NR,N_GE1,OUT,ACT_INAC,EE	119166 	152901 	134293 	142964 	176278 	157276 
NR,N_GE1,OUT,ACT_INAC,EL	262041 	324204 	301135 	307995 	292173 	281774 
NR,N_GE1,OUT,ACT_INAC,ES	2102882 	2057163 	2017065 b	1515406 	1418408 	1485142 
NR,N_GE1,OUT,ACT_INAC,FI	206345 	221004 	222930 	248893 	241596 	242491 
NR,N_GE1,OUT,ACT_INAC,FR	2087293 	2237982 	2100083 	2064372 	2015155 	1899017 
NR,N_GE1,OUT,ACT_INAC,HR	350107 	221562 	220556 b	359364 	160714 	658381 u
NR,N_GE1,OUT,ACT_INAC,HU	: 	574834 	545241 	488855 	474068 	462576 
NR,N_GE1,OUT,ACT_INAC,IE	340421 	430462 	402875 	335480 	322434 	331198 
NR,N_GE1,OUT,ACT_INAC,IT	4124164 	3362742 	3706189 	3304806 b	3686357 	4378096 
NR,N_GE1,OUT,ACT_INAC,LT	679374 	682099 	692408 	718972 	704570 	672559 
NR,N_GE1,OUT,ACT_INAC,LU	: 	346623 	331571 	332054 	327261 	291693 
NR,N_GE1,OUT,ACT_INAC,LV	171665 	172925 	143281 	145620 	172326 	149012 
NR,N_GE1,OUT,ACT_INAC,ME	: 	: c	: 	: 	: 	: 
NR,N_GE1,OUT,ACT_INAC,MT	108073 	92138 	78359 	68065 	69852 	54634 
NR,N_GE1,OUT,ACT_INAC,NL	3439785 	3124256 	3087836 	2993323 	2964143 	2746075 
NR,N_GE1,OUT,ACT_INAC,NO	746881 	668879 	: 	: 	663900 	: 
NR,N_GE1,OUT,ACT_INAC,PL	2663926 	2565836 	2446305 	2347682 	2850000 	2570000 
NR,N_GE1,OUT,ACT_INAC,PT	382545 	321219 	351714 	296537 	315740 	269946 
NR,N_GE1,OUT,ACT_INAC,RO	232524 	224532 	236170 	224384 	228902 	187423 
NR,N_GE1,OUT,ACT_INAC,SE	988205 	994398 	895416 	797220 	: 	: u
NR,N_GE1,OUT,ACT_INAC,SI	609000 	587530 	603571 	553912 e	543807 e	504533 
NR,N_GE1,OUT,ACT_INAC,SK	761127 	857278 	803399 	723361 	904451 b	1256216 
NR,N_GE1,OUT,ACT_INAC,UK	: 	10693610 	11591300 	10617700 	8538000 	15406000 
NR,N_GE1,OUT,EDUC,ES	233126 	240316 	265889 b	186842 	185419 	185742 
NR,N_GE1,OUT,EDUC,FI	16090 u	: c	31348 u	15126 u	10892 u	20103 u
NR,N_GE1,OUT,EDUC,HR	: 	: 	: b	: 	14455 	133753 u
NR,N_GE1,OUT,EDUC,LU	: 	: 	: 	32929 	34242 	: 
NR,N_GE1,OUT,EDUC,LV	15815 	12916 	: c	: 	: 	: 
NR,N_GE1,OUT,EDUC,NL	514480 	340930 	350598 	344674 	330963 	210699 
NR,N_GE1,OUT,EDUC,SI	: 	83467 	93325 	89654 e	85858 e	69475 
NR,N_GE1,OUT,EMP,ES	1158765 	1145007 	1006564 b	850674 	753271 	830811 
NR,N_GE1,OUT,EMP,FI	112568 	120830 u	112454 	139778 	92072 	117139 
NR,N_GE1,OUT,EMP,HR	: 	: 	: b	: 	64881 	258033 u
NR,N_GE1,OUT,EMP,LU	: 	: 	: 	201978 	211142 	: 
NR,N_GE1,OUT,EMP,LV	117262 	116106 	95707 	: 	: 	: 
NR,N_GE1,OUT,EMP,NL	1863825 	1804701 	1682047 	1702647 	1750402 	1692511 
NR,N_GE1,OUT,EMP,SI	: 	356631 	350774 	341773 e	316724 e	297481 
NR,N_GE1,OUT,INAC_OTH,ES	448352 	374630 	386942 b	266039 	268754 	256772 
NR,N_GE1,OUT,INAC_OTH,FI	57169 	72894 u	71808 	79654 	112404 	89637 
NR,N_GE1,OUT,INAC_OTH,HR	: 	: 	: b	: 	51713 	147553 u
NR,N_GE1,OUT,INAC_OTH,LU	: 	: 	: 	67813 	60906 	: 
NR,N_GE1,OUT,INAC_OTH,LV	30322 	34703 	29222 	: 	: 	: 
NR,N_GE1,OUT,INAC_OTH,NL	912938 	770133 	805961 	730667 	693118 	666571 
NR,N_GE1,OUT,INAC_OTH,SI	: 	116858 	120951 	93210 e	90276 e	96808 
NR,N_GE1,OUT,UNE,ES	262639 	297210 	357671 b	211850 	210964 	211817 
NR,N_GE1,OUT,UNE,FI	20518 u	: c	7320 u	14335 u	26229 u	15612 u
NR,N_GE1,OUT,UNE,HR	: 	: 	: b	: 	29665 	119043 u
NR,N_GE1,OUT,UNE,LU	: 	: 	: 	29333 	20971 	: 
NR,N_GE1,OUT,UNE,LV	8266 	9201 	12169 	: 	: 	: 
NR,N_GE1,OUT,UNE,NL	148542 	208493 	249229 	215335 	189659 	176294 
NR,N_GE1,OUT,UNE,SI	: 	30574 	38521 	29275 e	50948 e	40769 
NR,N_GE1,WORLD,ACT_INAC,AT	5668361 	5661092 	5545035 	5511799 	5467644 	5437926 
NR,N_GE1,WORLD,ACT_INAC,BE	5838576 b	5825439 	5480598 	5255288 	5708759 	4534221 
NR,N_GE1,WORLD,ACT_INAC,BG	2127469 	1841067 	1763434 	1612329 	1398293 	1201165 
NR,N_GE1,WORLD,ACT_INAC,CH	: 	6116881 	5891862 	5754804 	5711495 	5640555 
NR,N_GE1,WORLD,ACT_INAC,CY	491783 e	491014 e	476250 e	444501 e	373406 e	544925 e
NR,N_GE1,WORLD,ACT_INAC,CZ	7284097 	7214653 	7190847 	7495851 	6580964 	6724164 
NR,N_GE1,WORLD,ACT_INAC,DE	51707246 	53761868 	53820334 	53295033 	54860590 	54801532 
NR,N_GE1,WORLD,ACT_INAC,DK	: 	3832039 	3765894 	3864593 	3837602 	3553989 e
NR,N_GE1,WORLD,ACT_INAC,EE	746057 	759058 	729477 	787749 	699962 	685717 
NR,N_GE1,WORLD,ACT_INAC,EL	3592564 	3249406 	3380943 	3578609 	3050958 	3482938 
NR,N_GE1,WORLD,ACT_INAC,ES	25665519 	25614204 	24449869 b	20869290 	21114718 	20813614 
NR,N_GE1,WORLD,ACT_INAC,FI	4086639 	4079587 	4035811 	4032299 	4014698 	4061736 
NR,N_GE1,WORLD,ACT_INAC,FR	38695712 	38049563 	38689286 	38229887 	38480199 	38380851 
NR,N_GE1,WORLD,ACT_INAC,HR	1564984 	1597525 	1559333 b	1781473 	1710521 	1909309 
NR,N_GE1,WORLD,ACT_INAC,HU	: 	4728742 	4523655 	4482218 	4318166 	4354928 
NR,N_GE1,WORLD,ACT_INAC,IE	2833130 	2794153 	2688271 	2662137 	2534005 	2545174 
NR,N_GE1,WORLD,ACT_INAC,IT	21540692 	21802773 	21806405 	19726341 b	21648795 	24998498 
NR,N_GE1,WORLD,ACT_INAC,LT	1399279 	1412182 	1453527 	1454396 	1426056 	1329514 
NR,N_GE1,WORLD,ACT_INAC,LU	: 	389553 	389075 	376984 	378419 	341767 
NR,N_GE1,WORLD,ACT_INAC,LV	930819 	963281 	915729 	878919 	889146 	791292 
NR,N_GE1,WORLD,ACT_INAC,ME	: 	: c	: 	: 	: 	: 
NR,N_GE1,WORLD,ACT_INAC,MT	251186 	217996 	186655 	191974 	182068 	175406 
NR,N_GE1,WORLD,ACT_INAC,NL	12017263 	11881447 	11498436 	11485661 	11604547 	11630639 
NR,N_GE1,WORLD,ACT_INAC,NO	3656232 	3283068 	: 	: 	3508980 	: 
NR,N_GE1,WORLD,ACT_INAC,PL	19180052 	18375208 	17447589 	17199994 	17050000 	15660000 
NR,N_GE1,WORLD,ACT_INAC,PT	3712984 	3767951 	3698666 	3429793 	3364354 	3299493 
NR,N_GE1,WORLD,ACT_INAC,RO	4380527 	3961003 	4357576 	4201139 	4230146 	3874801 
NR,N_GE1,WORLD,ACT_INAC,SE	6048527 	6487885 	6592772 	6130000 	: 	: u
NR,N_GE1,WORLD,ACT_INAC,SI	1152354 	1170373 	1101410 	1105720 e	1081948 e	1120255 
NR,N_GE1,WORLD,ACT_INAC,SK	3246263 	3039212 	2760910 	2455999 	2566368 b	2488503 
NR,N_GE1,WORLD,ACT_INAC,UK	: 	34583500 	34565500 	34338000 	33832000 	34148000 
NR,N_GE1,WORLD,EDUC,ES	2952700 	2962533 	2812220 b	2201917 	2307553 	2206951 
NR,N_GE1,WORLD,EDUC,FI	564432 	491484 	514584 	531110 	510292 	580183 
NR,N_GE1,WORLD,EDUC,HR	: 	: 	: b	: 	319769 	387884 
NR,N_GE1,WORLD,EDUC,LU	: 	: 	: 	40388 	42957 	: 
NR,N_GE1,WORLD,EDUC,LV	98062 	109664 	87384 	: 	: 	: 
NR,N_GE1,WORLD,EDUC,NL	1582908 	1270453 	1309540 	1355480 	1507570 	1227458 
NR,N_GE1,WORLD,EDUC,SI	: 	151173 	147324 	169512 e	164448 e	163692 
NR,N_GE1,WORLD,EMP,ES	14215398 	14056477 	12948931 b	11110037 	10964304 	10912942 
NR,N_GE1,WORLD,EMP,FI	2180619 	2241378 	2252600 	2180782 	2190344 	2115947 
NR,N_GE1,WORLD,EMP,HR	: 	: 	: b	: 	721009 	748296 
NR,N_GE1,WORLD,EMP,LU	: 	: 	: 	230098 	243355 	: 
NR,N_GE1,WORLD,EMP,LV	632772 	670973 	618399 	: 	: 	: 
NR,N_GE1,WORLD,EMP,NL	6548675 	6566761 	6158173 	6250553 	6371236 	6563636 
NR,N_GE1,WORLD,EMP,SI	: 	662957 	608606 	637311 e	601467 e	616686 
NR,N_GE1,WORLD,INAC_OTH,ES	5810957 	5579622 	5441941 b	5323331 	5377690 	5207829 
NR,N_GE1,WORLD,INAC_OTH,FI	1115008 	1102400 	1085468 	1083913 	1099476 	1154536 
NR,N_GE1,WORLD,INAC_OTH,HR	: 	: 	: b	: 	397210 	427904 
NR,N_GE1,WORLD,INAC_OTH,LU	: 	: 	: 	75107 	69220 	: 
NR,N_GE1,WORLD,INAC_OTH,LV	147880 	136168 	152368 	: 	: 	: 
NR,N_GE1,WORLD,INAC_OTH,NL	3368269 	3107862 	3074446 	2946627 	2887158 	2995618 
NR,N_GE1,WORLD,INAC_OTH,SI	: 	285649 	274027 	226464 e	220410 e	243085 
NR,N_GE1,WORLD,UNE,ES	2686464 	3015571 	3246777 b	2234005 	2465171 	2485892 
NR,N_GE1,WORLD,UNE,FI	226580 	244325 	183159 	236494 	214586 	211070 
NR,N_GE1,WORLD,UNE,HR	: 	: 	: b	: 	272533 	345225 
NR,N_GE1,WORLD,UNE,LU	: 	: 	: 	31392 	22886 	: 
NR,N_GE1,WORLD,UNE,LV	52105 	46477 	57579 	: 	: 	: 
NR,N_GE1,WORLD,UNE,NL	517411 	936371 	956277 	933000 	838584 	843927 
NR,N_GE1,WORLD,UNE,SI	: 	70594 	71453 	72433 e	95623 e	96792 
NR,N_GE4,DOM,ACT_INAC,AT	646557 	642194 	624575 	636346 	593633 	698287 
NR,N_GE4,DOM,ACT_INAC,BE	257208 b	203247 	228940 	197892 	266905 	343546 
NR,N_GE4,DOM,ACT_INAC,BG	1304174 	1078620 	1115359 	930776 	759641 	584725 b
NR,N_GE4,DOM,ACT_INAC,CH	: 	527247 	498831 	569435 	560674 	651956 
NR,N_GE4,DOM,ACT_INAC,CY	91630 e	89838 e	112813 e	74036 e	50593 e	58471 e
NR,N_GE4,DOM,ACT_INAC,CZ	2376596 	2398127 	2301395 	2662139 	2189055 	2070049 
NR,N_GE4,DOM,ACT_INAC,DE	9504661 	10504640 	11094446 	11183170 	11048381 	11361778 
NR,N_GE4,DOM,ACT_INAC,DK	: 	923884 	924695 	957745 	891083 	803066 
NR,N_GE4,DOM,ACT_INAC,EE	127360 	121855 	103633 	120109 	112883 	119348 b
NR,N_GE4,DOM,ACT_INAC,EL	2599499 	2236298 	2341046 	2593563 	2189625 	2360851 
NR,N_GE4,DOM,ACT_INAC,ES	12550496 	13080229 	12528112 b	11193125 	11624720 	11155393 
NR,N_GE4,DOM,ACT_INAC,FI	1196069 	1260701 	1337733 	1325117 	1273499 	1310023 b
NR,N_GE4,DOM,ACT_INAC,FR	18898499 	21431436 	22276568 	22136458 	22518479 	22874230 
NR,N_GE4,DOM,ACT_INAC,HR	779256 	821086 	759048 b	810696 	681303 	784589 
NR,N_GE4,DOM,ACT_INAC,HU	: 	1581455 	1583337 	1645689 	1643169 	1618780 b
NR,N_GE4,DOM,ACT_INAC,IE	323379 	296352 	323668 	324152 	322834 	305569 
NR,N_GE4,DOM,ACT_INAC,IT	11338534 	11239070 	12319417 	11240517 b	12366286 	14273080 
NR,N_GE4,DOM,ACT_INAC,LT	123818 	132106 	153984 	152638 	137738 	122955 
NR,N_GE4,DOM,ACT_INAC,LU	: 	: c	: c	3645 	954 	1822 
NR,N_GE4,DOM,ACT_INAC,LV	112081 	110971 	100606 	88888 	119488 	107228 
NR,N_GE4,DOM,ACT_INAC,ME	: 	: c	: 	: 	: 	: 
NR,N_GE4,DOM,ACT_INAC,MT	23489 	19939 	19305 	25939 	20605 	26294 b
NR,N_GE4,DOM,ACT_INAC,NL	2117276 	2337972 	2283531 	2330609 	2379411 	2470035 b
NR,N_GE4,DOM,ACT_INAC,NO	618220 	556707 	: 	: 	501100 	: 
NR,N_GE4,DOM,ACT_INAC,PL	8750326 	8507031 	8050355 	7217153 	8130000 	7360000 
NR,N_GE4,DOM,ACT_INAC,PT	1773317 	1801265 	1728860 	1621955 	1775641 	1428380 
NR,N_GE4,DOM,ACT_INAC,RO	1425535 	1362303 	1514890 	1497020 	1569449 	1648173 
NR,N_GE4,DOM,ACT_INAC,SE	948704 	878661 	824698 	864800 	: 	2988546 
NR,N_GE4,DOM,ACT_INAC,SI	120977 	148081 	136681 	144768 e	137652 e	151800 
NR,N_GE4,DOM,ACT_INAC,SK	760545 	799001 	703873 	638799 	686371 b	628108 
NR,N_GE4,DOM,ACT_INAC,UK	: 	8469680 	8452800 	8345600 	9737400 	10832000 
NR,N_GE4,DOM,EDUC,ES	1334341 	1454143 	1290225 b	1178409 	1320665 	1175144 
NR,N_GE4,DOM,EDUC,FI	140311 	165111 u	167242 	182768 	178836 	169921 b
NR,N_GE4,DOM,EDUC,HR	: 	: 	: b	: 	147076 	142061 
NR,N_GE4,DOM,EDUC,LU	: 	: 	: 	799 	650 	416 
NR,N_GE4,DOM,EDUC,LV	13501 	15845 	8007 	: 	: 	: 
NR,N_GE4,DOM,EDUC,NL	177465 	163228 	153876 	190164 	201357 	203159 b
NR,N_GE4,DOM,EDUC,SI	: 	7583 u	9215 u	11312 u	12331 e	17023 
NR,N_GE4,DOM,EMP,ES	6563162 	6835660 	6410778 b	5684868 	5744627 	5608212 
NR,N_GE4,DOM,EMP,FI	602272 	601109 	687384 	625769 	605808 	611298 b
NR,N_GE4,DOM,EMP,HR	: 	: 	: b	: 	298922 	355789 
NR,N_GE4,DOM,EMP,LU	: 	: 	: 	2846 	304 	614 
NR,N_GE4,DOM,EMP,LV	63376 	77587 	65130 	: 	: 	: 
NR,N_GE4,DOM,EMP,NL	1009220 	1162282 	1074423 	1126398 	1179589 	1245486 b
NR,N_GE4,DOM,EMP,SI	: 	55386 	53344 	63398 e	61069 e	69726 
NR,N_GE4,DOM,INAC_OTH,ES	3417667 	3357944 	3337639 b	3316996 	3411203 	3205218 
NR,N_GE4,DOM,INAC_OTH,FI	367916 	381251 	417593 	413242 	429078 	458061 b
NR,N_GE4,DOM,INAC_OTH,HR	: 	: 	: b	: 	148684 	183472 
NR,N_GE4,DOM,INAC_OTH,LU	: 	: 	: 	0 u	0 u	792 
NR,N_GE4,DOM,INAC_OTH,LV	30009 	14384 	22885 	: 	: 	: 
NR,N_GE4,DOM,INAC_OTH,NL	827838 	793794 	808787 	773282 	749542 	774814 b
NR,N_GE4,DOM,INAC_OTH,SI	: 	70946 	63248 	60098 e	50180 e	56631 
NR,N_GE4,DOM,UNE,ES	1235328 	1432482 	1489470 b	1012851 	1148225 	1166820 
NR,N_GE4,DOM,UNE,FI	85570 	113230 u	65514 	103338 	59778 	70743 b
NR,N_GE4,DOM,UNE,HR	: 	: 	: b	: 	86622 	103267 
NR,N_GE4,DOM,UNE,LU	: 	: 	: 	0 u	0 u	: 
NR,N_GE4,DOM,UNE,LV	5195 	3154 	: c	: 	: 	: 
NR,N_GE4,DOM,UNE,NL	102753 	218667 	246445 	240764 	248922 	246576 b
NR,N_GE4,DOM,UNE,SI	: 	14167 u	10874 u	9960 u	14073 e	8420 u
NR,N_GE4,DOT,ACT_INAC,AT	2408121 	2350563 	2272509 	2217916 	2364685 	2326191 
NR,N_GE4,DOT,ACT_INAC,BE	2214334 b	1551597 	1412709 	1039597 	1413416 	950768 
NR,N_GE4,DOT,ACT_INAC,BG	111316 	32916 	72425 	44038 	33540 	23011 b
NR,N_GE4,DOT,ACT_INAC,CH	: 	1217475 	1261273 	1297875 	1399792 	1206266 
NR,N_GE4,DOT,ACT_INAC,CY	163584 e	172425 e	155992 e	151851 e	51563 e	77361 e
NR,N_GE4,DOT,ACT_INAC,CZ	1768239 	1707832 	1472703 	1512972 	1364432 	1669787 e
NR,N_GE4,DOT,ACT_INAC,DE	13537613 	12840663 	12429234 	12904697 	12211150 	12470758 
NR,N_GE4,DOT,ACT_INAC,DK	: 	828872 	830147 	785796 	725109 	568881 
NR,N_GE4,DOT,ACT_INAC,EE	124982 u	70103 u	81577 	107117 	106773 	83812 b
NR,N_GE4,DOT,ACT_INAC,EL	166203 	125255 	156585 	154825 	130201 	101942 
NR,N_GE4,DOT,ACT_INAC,ES	3817514 	3533913 	3281038 b	1467847 	1497456 	1573307 
NR,N_GE4,DOT,ACT_INAC,FI	1059690 	1136850 	1118915 	964958 	1076718 	990233 b
NR,N_GE4,DOT,ACT_INAC,FR	7363817 	7516730 	7628237 	7765801 	7607639 	7182013 
NR,N_GE4,DOT,ACT_INAC,HR	166765 	127400 	120818 b	140634 	177229 	168025 
NR,N_GE4,DOT,ACT_INAC,HU	: 	543135 	477679 	503244 	506139 	551491 b
NR,N_GE4,DOT,ACT_INAC,IE	946160 	858388 	797862 	819899 	781539 	774461 
NR,N_GE4,DOT,ACT_INAC,IT	2919982 	3278152 	2567479 	2305577 b	1577494 	1370917 
NR,N_GE4,DOT,ACT_INAC,LT	23716 u	22463 u	21941 u	21388 	21339 u	12051 u
NR,N_GE4,DOT,ACT_INAC,LU	: 	10348 u	13599 u	8177 	8307 	10812 
NR,N_GE4,DOT,ACT_INAC,LV	83845 	89546 	96034 	83807 	44373 	50765 
NR,N_GE4,DOT,ACT_INAC,ME	: 	: c	: 	: 	: 	: 
NR,N_GE4,DOT,ACT_INAC,MT	32319 	20326 	18960 	22892 	19721 	14136 
NR,N_GE4,DOT,ACT_INAC,NL	2254690 	2248130 	2178948 	2016542 	2194365 	2281377 b
NR,N_GE4,DOT,ACT_INAC,NO	1355057 	1213226 	: 	: 	1319160 	: 
NR,N_GE4,DOT,ACT_INAC,PL	1818016 	1791286 	1783744 	1666492 	1560000 	1450000 
NR,N_GE4,DOT,ACT_INAC,PT	574837 	578712 	569221 	466923 	399802 	221774 
NR,N_GE4,DOT,ACT_INAC,RO	45175 	31856 	48682 	43506 	25670 	4584 
NR,N_GE4,DOT,ACT_INAC,SE	1831019 	1612897 	1972366 	1638920 	: 	326564 
NR,N_GE4,DOT,ACT_INAC,SI	110220 	105138 	94148 	100850 e	100052 e	121599 
NR,N_GE4,DOT,ACT_INAC,SK	445311 	348383 	308880 u	148240 	164643 b	113658 
NR,N_GE4,DOT,ACT_INAC,UK	: 	2823230 	3381100 	2781900 	3608100 	4472000 
NR,N_GE4,DOT,EDUC,ES	715994 	626522 	540464 b	172177 	197857 	224664 
NR,N_GE4,DOT,EDUC,FI	167461 	131378 u	139138 	146095 	147009 	183673 b
NR,N_GE4,DOT,EDUC,HR	: 	: 	: b	: 	44398 	56355 
NR,N_GE4,DOT,EDUC,LU	: 	: 	: 	2094 	2234 	: 
NR,N_GE4,DOT,EDUC,LV	7073 	13870 	10450 	: 	: 	: 
NR,N_GE4,DOT,EDUC,NL	243032 	133577 	228722 	184919 	245617 	226317 b
NR,N_GE4,DOT,EDUC,SI	: 	14900 	12121 	16314 e	16675 e	20421 
NR,N_GE4,DOT,EMP,ES	2304654 	2174288 	1988484 b	846188 	856862 	907824 
NR,N_GE4,DOT,EMP,FI	605359 	674759 	681066 	598673 	687558 	551197 b
NR,N_GE4,DOT,EMP,HR	: 	: 	: b	: 	90714 	77113 
NR,N_GE4,DOT,EMP,LU	: 	: 	: 	4869 	4360 	: 
NR,N_GE4,DOT,EMP,LV	62845 	63007 	72397 	: 	: 	: 
NR,N_GE4,DOT,EMP,NL	1288357 	1298102 	1157441 	1025212 	1174789 	1219808 b
NR,N_GE4,DOT,EMP,SI	: 	56491 	54267 	62077 e	56790 e	66382 
NR,N_GE4,DOT,INAC_OTH,ES	541987 	483861 	485331 b	364741 	330619 	325834 
NR,N_GE4,DOT,INAC_OTH,FI	234796 	270593 	249533 	189462 	202167 	231538 b
NR,N_GE4,DOT,INAC_OTH,HR	: 	: 	: b	: 	33485 	18230 
NR,N_GE4,DOT,INAC_OTH,LU	: 	: 	: 	1214 	1591 	: 
NR,N_GE4,DOT,INAC_OTH,LV	11238 	8757 	8878 	: 	: 	: 
NR,N_GE4,DOT,INAC_OTH,NL	662790 	647401 	656235 	669530 	663579 	718041 b
NR,N_GE4,DOT,INAC_OTH,SI	: 	30400 	23509 	16687 e	22487 e	25913 
NR,N_GE4,DOT,UNE,ES	254879 	249241 	266759 b	84741 	112118 	114984 
NR,N_GE4,DOT,UNE,FI	52074 	: c	49178 u	30728 u	39983 u	23825 u
NR,N_GE4,DOT,UNE,HR	: 	: 	: b	: 	8632 	16328 
NR,N_GE4,DOT,UNE,LU	: 	: 	: 	0 u	123 	: 
NR,N_GE4,DOT,UNE,LV	2689 	3912 	: c	: 	: 	: 
NR,N_GE4,DOT,UNE,NL	60511 	169050 	136550 	136881 	110380 	117210 b
NR,N_GE4,DOT,UNE,SI	: 	3347 u	4251 u	5772 u	4099 u	8883 u
NR,N_GE4,OUT,ACT_INAC,AT	1364762 	1425490 	1396132 	1395824 	1238040 	1250421 
NR,N_GE4,OUT,ACT_INAC,BE	2421001 b	3369644 	3118223 	3256279 	3349793 	2642433 
NR,N_GE4,OUT,ACT_INAC,BG	173554 	138622 	152941 	73289 	105147 	100881 b
NR,N_GE4,OUT,ACT_INAC,CH	: 	3761288 	3455619 	3289924 	3061482 	3047800 
NR,N_GE4,OUT,ACT_INAC,CY	122477 e	114942 e	105446 e	109778 e	98992 e	181017 e
NR,N_GE4,OUT,ACT_INAC,CZ	1473032 	1355878 	1630677 	1685127 	1496931 	1365318 e
NR,N_GE4,OUT,ACT_INAC,DE	20872129 	22321623 	21330781 	21088553 	22241329 	21617616 
NR,N_GE4,OUT,ACT_INAC,DK	: 	1790937 	1676575 	1716329 	1814925 	1977929 
NR,N_GE4,OUT,ACT_INAC,EE	231085 	293263 	272436 	251508 	219894 	213338 b
NR,N_GE4,OUT,ACT_INAC,EL	264584 	306706 	283007 	292670 	289415 	257632 
NR,N_GE4,OUT,ACT_INAC,ES	3118787 	3050026 	2879894 b	2107259 	1981372 	2128672 
NR,N_GE4,OUT,ACT_INAC,FI	836101 	676813 	696575 	719286 	693621 	702880 b
NR,N_GE4,OUT,ACT_INAC,FR	3814133 	3874332 	3736176 	3739142 	3606607 	3419298 
NR,N_GE4,OUT,ACT_INAC,HR	289221 	171090 	204861 b	285261 	213369 	285912 
NR,N_GE4,OUT,ACT_INAC,HU	: 	1020619 	1005116 	783950 	733708 	802518 b
NR,N_GE4,OUT,ACT_INAC,IE	872123 	957828 	866416 	880141 	706920 	812175 
NR,N_GE4,OUT,ACT_INAC,IT	4643562 	3869342 	4113420 	3737765 b	3661647 	4899439 
NR,N_GE4,OUT,ACT_INAC,LT	520239 	509851 	525675 	537809 	523641 	489266 
NR,N_GE4,OUT,ACT_INAC,LU	: 	351041 	336298 	295009 	339950 	292609 
NR,N_GE4,OUT,ACT_INAC,LV	318831 	327627 	300595 	279211 	305785 	232037 
NR,N_GE4,OUT,ACT_INAC,ME	: 	: c	: 	: 	: 	: 
NR,N_GE4,OUT,ACT_INAC,MT	142825 	125248 	102971 	93639 	89792 	80582 b
NR,N_GE4,OUT,ACT_INAC,NL	6214212 	5848977 	5560232 	5569655 	5548703 	5497690 b
NR,N_GE4,OUT,ACT_INAC,NO	1314594 	1180761 	: 	: 	1331770 	: 
NR,N_GE4,OUT,ACT_INAC,PL	2299062 	2214369 	1971968 	2932272 	2190000 	2050000 
NR,N_GE4,OUT,ACT_INAC,PT	323027 	258736 	288127 	252923 	272901 	268925 
NR,N_GE4,OUT,ACT_INAC,RO	204846 	199092 	206927 	204453 	200371 	166870 
NR,N_GE4,OUT,ACT_INAC,SE	2164959 	1524596 	1525883 	1373070 	: 	3010395 
NR,N_GE4,OUT,ACT_INAC,SI	745337 	687836 	688739 	666529 e	634868 e	641947 
NR,N_GE4,OUT,ACT_INAC,SK	1032140 	1052242 	1125511 	1003552 	986785 b	1292107 
NR,N_GE4,OUT,ACT_INAC,UK	: 	12233980 	12317000 	12054700 	14939500 	14260000 
NR,N_GE4,OUT,EDUC,ES	338641 	380535 	379779 b	252558 	233837 	233883 
NR,N_GE4,OUT,EDUC,FI	154906 	: c	76905 	108122 	78253 	92766 b
NR,N_GE4,OUT,EDUC,HR	: 	: 	: b	: 	32294 	80816 
NR,N_GE4,OUT,EDUC,LU	: 	: 	: 	19214 	36565 	: 
NR,N_GE4,OUT,EDUC,LV	24030 	33056 	21941 	: 	: 	: 
NR,N_GE4,OUT,EDUC,NL	959528 	773301 	718871 	712612 	807345 	655326 b
NR,N_GE4,OUT,EDUC,SI	: 	96095 	111051 	116543 e	110006 e	103932 
NR,N_GE4,OUT,EMP,ES	1924851 	1788496 	1624696 b	1287261 	1184439 	1289557 
NR,N_GE4,OUT,EMP,FI	506232 	463191 	445822 	436587 	435116 	447760 b
NR,N_GE4,OUT,EMP,HR	: 	: 	: b	: 	86362 	65451 
NR,N_GE4,OUT,EMP,LU	: 	: 	: 	195936 	221983 	: 
NR,N_GE4,OUT,EMP,LV	246023 	241497 	213290 	: 	: 	: 
NR,N_GE4,OUT,EMP,NL	3568292 	3405911 	3212013 	3378190 	3284909 	3371754 b
NR,N_GE4,OUT,EMP,SI	: 	434860 	412390 	416128 e	375508 e	392771 
NR,N_GE4,OUT,INAC_OTH,ES	523724 	493723 	448149 b	330562 	324126 	350281 
NR,N_GE4,OUT,INAC_OTH,FI	133662 	146595 	150810 	151230 	133446 	136481 b
NR,N_GE4,OUT,INAC_OTH,HR	: 	: 	: b	: 	52281 	69133 
NR,N_GE4,OUT,INAC_OTH,LU	: 	: 	: 	57103 	62245 	: 
NR,N_GE4,OUT,INAC_OTH,LV	32174 	35785 	46080 	: 	: 	: 
NR,N_GE4,OUT,INAC_OTH,NL	1436590 	1287574 	1239587 	1128531 	1125508 	1186507 b
NR,N_GE4,OUT,INAC_OTH,SI	: 	121435 	117669 	97259 e	96130 e	99178 
NR,N_GE4,OUT,UNE,ES	331570 	387271 	427271 b	236878 	238971 	254952 
NR,N_GE4,OUT,UNE,FI	41301 u	: c	23038 u	23347 u	46806 u	25873 u
NR,N_GE4,OUT,UNE,HR	: 	: 	: b	: 	42432 	70511 
NR,N_GE4,OUT,UNE,LU	: 	: 	: 	22756 	19158 	: 
NR,N_GE4,OUT,UNE,LV	16604 	17289 	19284 	: 	: 	: 
NR,N_GE4,OUT,UNE,NL	249802 	382191 	389761 	350322 	330942 	284103 b
NR,N_GE4,OUT,UNE,SI	: 	35446 	47628 	36599 e	53225 e	46065 
NR,N_GE4,WORLD,ACT_INAC,AT	4419440 	4418247 	4293217 	4250086 	4196358 	4274899 
NR,N_GE4,WORLD,ACT_INAC,BE	4892543 b	5124488 	4759873 	4493768 	5030113 	3936747 
NR,N_GE4,WORLD,ACT_INAC,BG	1589043 	1250157 	1340724 	1048103 	898328 	708617 b
NR,N_GE4,WORLD,ACT_INAC,CH	: 	5506010 	5215723 	5157234 	5021948 	4906022 
NR,N_GE4,WORLD,ACT_INAC,CY	377691 e	377204 e	374251 e	335665 e	201147 e	316849 e
NR,N_GE4,WORLD,ACT_INAC,CZ	5617867 	5461837 	5404775 	5860238 	5050417 	5105154 e
NR,N_GE4,WORLD,ACT_INAC,DE	43914403 	45666926 	44854461 	45176420 	45500860 	45450152 
NR,N_GE4,WORLD,ACT_INAC,DK	: 	3543693 	3431417 	3459870 	3431117 	3349876 
NR,N_GE4,WORLD,ACT_INAC,EE	483428 	485221 	457647 	478734 	439550 	416498 b
NR,N_GE4,WORLD,ACT_INAC,EL	3030286 	2668259 	2780638 	3041058 	2609241 	2720425 
NR,N_GE4,WORLD,ACT_INAC,ES	19486797 	19664167 	18689044 b	14768231 	15103549 	14857373 
NR,N_GE4,WORLD,ACT_INAC,FI	3091860 	3074364 	3153223 	3009361 	3043838 	3003136 b
NR,N_GE4,WORLD,ACT_INAC,FR	30076449 	32822497 	33640981 	33641401 	33732725 	33475541 
NR,N_GE4,WORLD,ACT_INAC,HR	1235242 	1119576 	1084727 b	1236591 	1071901 	1238527 
NR,N_GE4,WORLD,ACT_INAC,HU	: 	3145209 	3066132 	2932883 	2883016 	2972789 b
NR,N_GE4,WORLD,ACT_INAC,IE	2141669 	2112565 	1987949 	2024182 	1811280 	1892215 
NR,N_GE4,WORLD,ACT_INAC,IT	18902078 	18386564 	19000316 	17283859 b	17605427 	20543435 
NR,N_GE4,WORLD,ACT_INAC,LT	667774 	664420 	701600 	711835 	682718 	624272 
NR,N_GE4,WORLD,ACT_INAC,LU	: 	363632 	350013 	306831 	349212 	305243 
NR,N_GE4,WORLD,ACT_INAC,LV	514757 	528144 	497235 	451906 	469646 	390030 
NR,N_GE4,WORLD,ACT_INAC,ME	: 	: c	: 	: 	: 	: 
NR,N_GE4,WORLD,ACT_INAC,MT	198633 	165513 	141236 	142470 	130118 	121013 
NR,N_GE4,WORLD,ACT_INAC,NL	10586178 	10435079 	10022710 	9916805 	10122479 	10249101 b
NR,N_GE4,WORLD,ACT_INAC,NO	3287871 	2950695 	: 	: 	3152020 	: 
NR,N_GE4,WORLD,ACT_INAC,PL	12867405 	12512686 	11806067 	11815917 	11880000 	10860000 
NR,N_GE4,WORLD,ACT_INAC,PT	2671181 	2638713 	2586208 	2341800 	2448343 	1919079 
NR,N_GE4,WORLD,ACT_INAC,RO	1675556 	1593251 	1770499 	1744979 	1795490 	1819627 
NR,N_GE4,WORLD,ACT_INAC,SE	4944682 	4016154 	4322947 	3876810 	: 	6325505 
NR,N_GE4,WORLD,ACT_INAC,SI	976535 	941055 	919567 	912147 e	872572 e	915345 
NR,N_GE4,WORLD,ACT_INAC,SK	2237996 	2199626 	2138264 	1790591 	1837799 b	2033873 
NR,N_GE4,WORLD,ACT_INAC,UK	: 	23526890 	24150900 	23182200 	28285000 	29554000 
NR,N_GE4,WORLD,EDUC,ES	2388976 	2461199 	2210468 b	1603145 	1752359 	1633691 
NR,N_GE4,WORLD,EDUC,FI	462678 	352928 	383285 	436985 	404098 	446360 b
NR,N_GE4,WORLD,EDUC,HR	: 	: 	: b	: 	223768 	279232 
NR,N_GE4,WORLD,EDUC,LU	: 	: 	: 	22107 	39449 	: 
NR,N_GE4,WORLD,EDUC,LV	44604 	62772 	40398 	: 	: 	: 
NR,N_GE4,WORLD,EDUC,NL	1380025 	1070107 	1101469 	1087695 	1254319 	1084652 b
NR,N_GE4,WORLD,EDUC,SI	: 	118578 	132388 	144169 e	139011 e	141375 
NR,N_GE4,WORLD,EMP,ES	10792667 	10798445 	10023958 b	7818317 	7785928 	7805593 
NR,N_GE4,WORLD,EMP,FI	1713863 	1739059 	1814272 	1661029 	1728482 	1610255 b
NR,N_GE4,WORLD,EMP,HR	: 	: 	: b	: 	475998 	498353 
NR,N_GE4,WORLD,EMP,LU	: 	: 	: 	203652 	226646 	: 
NR,N_GE4,WORLD,EMP,LV	372244 	382090 	350816 	: 	: 	: 
NR,N_GE4,WORLD,EMP,NL	5865869 	5866295 	5443877 	5529800 	5639287 	5836733 b
NR,N_GE4,WORLD,EMP,SI	: 	546737 	520000 	541603 e	493368 e	528879 
NR,N_GE4,WORLD,INAC_OTH,ES	4483377 	4335529 	4271118 b	4012299 	4065948 	3881333 
NR,N_GE4,WORLD,INAC_OTH,FI	736374 	798439 	817936 	753934 	764691 	826080 b
NR,N_GE4,WORLD,INAC_OTH,HR	: 	: 	: b	: 	234450 	270836 
NR,N_GE4,WORLD,INAC_OTH,LU	: 	: 	: 	58317 	63836 	: 
NR,N_GE4,WORLD,INAC_OTH,LV	73420 	58926 	77843 	: 	: 	: 
NR,N_GE4,WORLD,INAC_OTH,NL	2927218 	2728769 	2704609 	2571343 	2538629 	2679460 b
NR,N_GE4,WORLD,INAC_OTH,SI	: 	222781 	204426 	174044 e	168796 e	181723 
NR,N_GE4,WORLD,UNE,ES	1821777 	2068995 	2183500 b	1334470 	1499314 	1536756 
NR,N_GE4,WORLD,UNE,FI	178945 	183938 	137730 	157413 	146567 	120441 b
NR,N_GE4,WORLD,UNE,HR	: 	: 	: b	: 	137686 	190105 
NR,N_GE4,WORLD,UNE,LU	: 	: 	: 	22756 	19281 	: 
NR,N_GE4,WORLD,UNE,LV	24489 	24356 	28178 	: 	: 	: 
NR,N_GE4,WORLD,UNE,NL	413066 	769908 	772755 	727966 	690244 	648256 b
NR,N_GE4,WORLD,UNE,SI	: 	52960 	62753 	52331 e	71397 e	63368 
PC_POP,N1-3,WORLD,ACT_INAC,AT	58.45 	58.22 	57.45 	57.26 	59.61 	57.73 
PC_POP,N1-3,WORLD,ACT_INAC,BE	39.88 b	32.21 	30.56 	28.17 	30.89 	24.12 
PC_POP,N1-3,WORLD,ACT_INAC,BG	22.19 	16.61 	16.48 	17.07 	10.32 	8.53 
PC_POP,N1-3,WORLD,ACT_INAC,CH	: 	68.5 	67.62 	65.25 	66.49 	65.2 
PC_POP,N1-3,WORLD,ACT_INAC,CY	34.57 e	38.58 e	33.95 e	35.11 e	29.57 e	42.2 e
PC_POP,N1-3,WORLD,ACT_INAC,CZ	71.37 	69.96 	68.39 	69.7 	61.81 	63.13 
PC_POP,N1-3,WORLD,ACT_INAC,DE	64.83 	71.05 	69.41 	70.96 	70.99 	70.46 
PC_POP,N1-3,WORLD,ACT_INAC,DK	: 	43.33 	42.08 	47.1 	45.29 	42.16 
PC_POP,N1-3,WORLD,ACT_INAC,EE	63.54 	54.88 	51.72 	64.45 	52.73 	51.64 
PC_POP,N1-3,WORLD,ACT_INAC,EL	12.29 	10.42 	11.69 	11.72 	9.14 	13.84 
PC_POP,N1-3,WORLD,ACT_INAC,ES	51.54 	47.26 	45.98 b	37.43 	37.05 	36.77 
PC_POP,N1-3,WORLD,ACT_INAC,FI	86.85 	86.93 	85.18 	86.01 	85.15 	87.29 
PC_POP,N1-3,WORLD,ACT_INAC,FR	55.12 	50.2 	50.94 	50.84 	50.81 	51.82 
PC_POP,N1-3,WORLD,ACT_INAC,HR	20.72 	21.14 	22 b	28.77 	30.72 	34 u
PC_POP,N1-3,WORLD,ACT_INAC,HU	: 	41.72 	39.36 	39.41 	36.92 	39.37 
PC_POP,N1-3,WORLD,ACT_INAC,IE	48.87 	46.92 	46.52 	47.03 	43.33 	46.56 
PC_POP,N1-3,WORLD,ACT_INAC,IT	18.91 	21.64 	19.51 	17.69 b	18.88 	22.86 
PC_POP,N1-3,WORLD,ACT_INAC,LT	30.81 	30.66 	30.46 	30.16 	29.83 	27.55 
PC_POP,N1-3,WORLD,ACT_INAC,LU	: 	52.42 	57.72 	48.36 	54.7 	49.24 
PC_POP,N1-3,WORLD,ACT_INAC,LV	47.69 	50.75 	47.4 	44.97 	43.44 	50.9 
PC_POP,N1-3,WORLD,ACT_INAC,ME	: 	: c	: 	: 	: 	: 
PC_POP,N1-3,WORLD,ACT_INAC,MT	26.24 	27.24 	22.66 	24.49 	23.67 	23.61 
PC_POP,N1-3,WORLD,ACT_INAC,NL	55.58 	56.02 	54.19 	56.22 	55.4 	59.02 
PC_POP,N1-3,WORLD,ACT_INAC,NO	80.36 	80.54 	: 	: 	82.83 	: 
PC_POP,N1-3,WORLD,ACT_INAC,PL	42.51 	41.41 	38.39 	35.78 	30.87 	33.02 
PC_POP,N1-3,WORLD,ACT_INAC,PT	30.25 	30.72 	17.31 	17.22 	29 	24.68 
PC_POP,N1-3,WORLD,ACT_INAC,RO	16.8 	14.55 	15.81 	14.94 	13.87 	11.4 
PC_POP,N1-3,WORLD,ACT_INAC,SE	76.45 	43.38 	41.44 	38.96 	: 	: 
PC_POP,N1-3,WORLD,ACT_INAC,SI	35.62 	37.82 	30.6 	33.03 e	31.78 e	36.31 
PC_POP,N1-3,WORLD,ACT_INAC,SK	45.68 	33.01 	29.57 	26.22 	27.19 b	13.87 
PC_POP,N1-3,WORLD,ACT_INAC,UK	: 	22.68 	22.49 	25.12 	22.29 	8.82 
PC_POP,N1-3,WORLD,EDUC,ES	65.89 	61.27 	58.01 b	36.76 	37.98 	37.72 
PC_POP,N1-3,WORLD,EDUC,FI	92.98 	97.13 	90.96 	92.05 	93.81 	92.6 
PC_POP,N1-3,WORLD,EDUC,HR	: 	: 	: b	: 	50.36 	45.38 u
PC_POP,N1-3,WORLD,EDUC,LU	: 	: 	: 	62.75 	54.5 	: 
PC_POP,N1-3,WORLD,EDUC,LV	69.8 	76.96 	65.3 	: 	: 	: 
PC_POP,N1-3,WORLD,EDUC,NL	60.37 	62.81 	64.29 	67.87 	67.08 	72.09 
PC_POP,N1-3,WORLD,EDUC,SI	: 	57.96 	40.61 	47.32 e	46.22 e	53.73 
PC_POP,N1-3,WORLD,EMP,ES	63.52 	59.59 	57.73 b	48.75 	48.17 	47.8 
PC_POP,N1-3,WORLD,EMP,FI	91.49 	91.54 	91.7 	92.91 	92.13 	92.12 
PC_POP,N1-3,WORLD,EMP,HR	: 	: 	: b	: 	39.39 	46.36 u
PC_POP,N1-3,WORLD,EMP,LU	: 	: 	: 	51.13 	63.24 	: 
PC_POP,N1-3,WORLD,EMP,LV	58.01 	62.58 	59.98 	: 	: 	: 
PC_POP,N1-3,WORLD,EMP,NL	62 	60.19 	59.6 	61.31 	60.36 	64.12 
PC_POP,N1-3,WORLD,EMP,SI	: 	45.84 	37.91 	40.94 e	39.11 e	44.43 
PC_POP,N1-3,WORLD,INAC_OTH,ES	31.34 	27.14 	28.01 b	26.2 	26 	25.5 
PC_POP,N1-3,WORLD,INAC_OTH,FI	76.93 	76.21 	71.64 	72.13 	72.73 	77.06 
PC_POP,N1-3,WORLD,INAC_OTH,HR	: 	: 	: b	: 	16.31 	24.25 u
PC_POP,N1-3,WORLD,INAC_OTH,LU	: 	: 	: 	38.26 	34.5 	: 
PC_POP,N1-3,WORLD,INAC_OTH,LV	23.31 	22.41 	24.19 	: 	: 	: 
PC_POP,N1-3,WORLD,INAC_OTH,NL	43.25 	47.39 	43.88 	45.14 	44.18 	48.03 
PC_POP,N1-3,WORLD,INAC_OTH,SI	: 	22.81 	19.65 	18.42 e	18.11 e	20.25 
PC_POP,N1-3,WORLD,UNE,ES	43.77 	39.89 	39.36 b	27.52 	27.6 	27.61 
PC_POP,N1-3,WORLD,UNE,FI	82.84 	81.46 	83.11 	86.02 	71.66 	87.49 
PC_POP,N1-3,WORLD,UNE,HR	: 	: 	: b	: 	30.63 	21.94 u
PC_POP,N1-3,WORLD,UNE,LU	: 	: 	: 	40.11 	46.88 	: 
PC_POP,N1-3,WORLD,UNE,LV	49.14 	40.1 	32.43 	: 	: 	: 
PC_POP,N1-3,WORLD,UNE,NL	53.46 	50.89 	44.89 	47.6 	44.61 	48.25 
PC_POP,N1-3,WORLD,UNE,SI	: 	36.27 	28.13 	29.04 e	27.54 e	35.82 
PC_POP,N_GE1,DOM,ACT_INAC,AT	17.63 	18.5 	18.41 	18.69 	18.56 	18.99 
PC_POP,N_GE1,DOM,ACT_INAC,BE	7 b	3.96 	5.15 	4.66 	5.29 	5.67 
PC_POP,N_GE1,DOM,ACT_INAC,BG	29.72 	26.24 	24.71 	22.78 	18.83 	15.85 
PC_POP,N_GE1,DOM,ACT_INAC,CH	: 	9.24 	9.99 	9.75 	10.22 	12.45 
PC_POP,N_GE1,DOM,ACT_INAC,CY	23.65 e	24.33 e	27.15 e	22.71 e	26.31 e	28.21 e
PC_POP,N_GE1,DOM,ACT_INAC,CZ	38.75 	40.59 	40.55 	42.62 	35.25 	35.45 
PC_POP,N_GE1,DOM,ACT_INAC,DE	19.14 	21.21 	23.86 	23.26 	23.38 	24.84 
PC_POP,N_GE1,DOM,ACT_INAC,DK	: 	22.28 	21.74 	22.63 	21.34 	19.81 e
PC_POP,N_GE1,DOM,ACT_INAC,EE	: 	23.3 	23.58 	25.43 	20.39 	20.38 
PC_POP,N_GE1,DOM,ACT_INAC,EL	33.67 	30.07 	31.23 	33.23 	27.66 	32.63 
PC_POP,N_GE1,DOM,ACT_INAC,ES	43.46 	45.13 	43.48 b	41.82 	43 	41.47 
PC_POP,N_GE1,DOM,ACT_INAC,FI	28.25 	29.77 	28.26 	32.65 	31.43 	33.74 
PC_POP,N_GE1,DOM,ACT_INAC,FR	48.61 	47.72 	49.34 	48.51 	50.06 	51.07 
PC_POP,N_GE1,DOM,ACT_INAC,HR	24.89 	29.12 	28.6 b	30.05 	24.85 	25.71 u
PC_POP,N_GE1,DOM,ACT_INAC,HU	: 	32.85 	31.71 	34 	34.12 	32.89 
PC_POP,N_GE1,DOM,ACT_INAC,IE	18.66 	16.83 	19.6 	19.33 	20.88 	18.55 
PC_POP,N_GE1,DOM,ACT_INAC,IT	25.26 	26.25 	26.92 	24.28 b	30.74 	35.95 
PC_POP,N_GE1,DOM,ACT_INAC,LT	27.95 	27.86 	28.86 	27.73 	26.99 	25.12 
PC_POP,N_GE1,DOM,ACT_INAC,LU	: 	: c	: c	0.38 	0.89 	0.63 
PC_POP,N_GE1,DOM,ACT_INAC,LV	24.08 	25.29 	24.1 	23.54 	25.06 	31.43 
PC_POP,N_GE1,DOM,ACT_INAC,ME	: 	: c	: 	: 	: 	: 
PC_POP,N_GE1,DOM,ACT_INAC,MT	13.85 	14.54 	13.49 	16.23 	14.89 	20.97 
PC_POP,N_GE1,DOM,ACT_INAC,NL	21.12 	22.81 	23.03 	24.11 	23.73 	23.45 
PC_POP,N_GE1,DOM,ACT_INAC,NO	17.07 	17.13 	: 	: 	14.43 	: 
PC_POP,N_GE1,DOM,ACT_INAC,PL	41.16 	39.7 	37.41 	36.78 	37.59 	34.58 
PC_POP,N_GE1,DOM,ACT_INAC,PT	30.77 	31.9 	18.12 	18.2 	29.09 	28.34 
PC_POP,N_GE1,DOM,ACT_INAC,RO	25.03 	22.43 	24.58 	23.57 	22.14 	20.43 
PC_POP,N_GE1,DOM,ACT_INAC,SE	19.17 	28.23 	26.37 	26.09 	: 	: 
PC_POP,N_GE1,DOM,ACT_INAC,SI	10.52 	12.81 	12.38 	13.23 e	12.7 e	13.86 
PC_POP,N_GE1,DOM,ACT_INAC,SK	34.29 	33.16 	27.48 	26.24 	27.34 b	21.72 
PC_POP,N_GE1,DOM,ACT_INAC,UK	: 	24.78 	24.44 	24.78 	26.85 	25.25 
PC_POP,N_GE1,DOM,EDUC,ES	47.05 	48.18 	47.79 b	44.35 	46.26 	43.88 
PC_POP,N_GE1,DOM,EDUC,FI	26.35 	38.19 u	28.69 	32.83 	32.38 	33.39 
PC_POP,N_GE1,DOM,EDUC,HR	: 	: 	: b	: 	38.2 	38.51 u
PC_POP,N_GE1,DOM,EDUC,LU	: 	: 	: 	1.62 	3.79 	: 
PC_POP,N_GE1,DOM,EDUC,LV	42.41 	35 	30.74 	: 	: 	: 
PC_POP,N_GE1,DOM,EDUC,NL	16.02 	18.54 	18.19 	23.78 	21.52 	22.34 
PC_POP,N_GE1,DOM,EDUC,SI	: 	12.83 	6.53 u	11.12 e	11.38 e	10.76 
PC_POP,N_GE1,DOM,EMP,ES	46.98 	49.74 	48.21 b	47.97 	49.75 	47.63 
PC_POP,N_GE1,DOM,EMP,FI	19.67 	24.11 	23.43 	27.02 	27.01 	29.7 
PC_POP,N_GE1,DOM,EMP,HR	: 	: 	: b	: 	30.79 	30.31 u
PC_POP,N_GE1,DOM,EMP,LU	: 	: 	: 	0.12 	0.34 	: 
PC_POP,N_GE1,DOM,EMP,LV	25.66 	29.35 	27.15 	: 	: 	: 
PC_POP,N_GE1,DOM,EMP,NL	18.53 	20.52 	20.79 	21.4 	21.45 	20.89 
PC_POP,N_GE1,DOM,EMP,SI	: 	10.19 	11.55 	12.39 e	12.31 e	13.51 
PC_POP,N_GE1,DOM,INAC_OTH,ES	38.02 	37.9 	37.09 b	36.79 	37.8 	36.5 
PC_POP,N_GE1,DOM,INAC_OTH,FI	42.84 	33.68 	36.11 	39.5 	37.66 	38.13 
PC_POP,N_GE1,DOM,INAC_OTH,HR	: 	: 	: b	: 	16.51 	17.57 u
PC_POP,N_GE1,DOM,INAC_OTH,LU	: 	: 	: 	0.4 	1.27 	: 
PC_POP,N_GE1,DOM,INAC_OTH,LV	16.68 	15.51 	18.48 	: 	: 	: 
PC_POP,N_GE1,DOM,INAC_OTH,NL	26.62 	27 	26.58 	27.21 	26.93 	25.6 
PC_POP,N_GE1,DOM,INAC_OTH,SI	: 	14.68 	15.51 	14.7 e	14.02 e	14.26 
PC_POP,N_GE1,DOM,UNE,ES	40.45 	43.23 	39.48 b	32.17 	32.6 	32.65 
PC_POP,N_GE1,DOM,UNE,FI	33.6 	43.8 u	31.59 	45.04 	35.78 	47.65 
PC_POP,N_GE1,DOM,UNE,HR	: 	: 	: b	: 	21.67 	22.8 u
PC_POP,N_GE1,DOM,UNE,LU	: 	: 	: 	0.5 	0 u	: 
PC_POP,N_GE1,DOM,UNE,LV	24.2 	20.9 	18.48 	: 	: 	: 
PC_POP,N_GE1,DOM,UNE,NL	27.33 	28 	29.83 	30.1 	30.3 	33.75 
PC_POP,N_GE1,DOM,UNE,SI	: 	20.64 	9 u	14.76 e	11.63 e	17.55 
PC_POP,N_GE1,DOT,ACT_INAC,AT	36.3 	34.67 	34.07 	33.58 	36.38 	35.85 
PC_POP,N_GE1,DOT,ACT_INAC,BE	27.13 b	16.75 	15.97 	12.16 	15.94 	11.15 
PC_POP,N_GE1,DOT,ACT_INAC,BG	2.69 	1.64 	1.42 	1.53 	1.25 	1.21 
PC_POP,N_GE1,DOT,ACT_INAC,CH	: 	42.64 	42.57 	42.86 	44.78 	42.11 
PC_POP,N_GE1,DOT,ACT_INAC,CY	24.94 e	25.96 e	23.88 e	23.01 e	7.19 e	15.76 e
PC_POP,N_GE1,DOT,ACT_INAC,CZ	37.49 	34.8 	34.55 	34.39 	31.32 	33.66 
PC_POP,N_GE1,DOT,ACT_INAC,DE	38.13 	37.85 	38.5 	38.55 	37.53 	36.72 
PC_POP,N_GE1,DOT,ACT_INAC,DK	: 	17.27 	17.93 	18.67 	17.37 	12.47 e
PC_POP,N_GE1,DOT,ACT_INAC,EE	34.92 	31.58 	30.35 	32.77 	25.87 	26.31 
PC_POP,N_GE1,DOT,ACT_INAC,EL	2.82 	1.95 	2.19 	2.26 	1.8 	1.45 
PC_POP,N_GE1,DOT,ACT_INAC,ES	16.8 	15.32 	14.14 b	8.19 	7.69 	8.07 
PC_POP,N_GE1,DOT,ACT_INAC,FI	58.47 	56.73 	57.38 	52.5 	53.81 	52.84 
PC_POP,N_GE1,DOT,ACT_INAC,FR	21.2 	21.08 	21.37 	21.77 	21.06 	20.3 
PC_POP,N_GE1,DOT,ACT_INAC,HR	8.56 	8.76 	8.26 b	9.1 	17.82 	8.25 u
PC_POP,N_GE1,DOT,ACT_INAC,HU	: 	15.65 	14.86 	13.25 	11.88 	13.59 
PC_POP,N_GE1,DOT,ACT_INAC,IE	46.62 	45.97 	43.56 	45.26 	40.6 	43.18 
PC_POP,N_GE1,DOT,ACT_INAC,IT	8.21 	9.18 	7.85 	7.27 b	3.89 	4.03 
PC_POP,N_GE1,DOT,ACT_INAC,LT	1.72 u	1.76 u	1.64 u	1.53 	1.47 u	0.54 u
PC_POP,N_GE1,DOT,ACT_INAC,LU	: 	8.37 	11.84 	9.45 	10.31 	11.25 
PC_POP,N_GE1,DOT,ACT_INAC,LV	23 	23.1 	22.55 	20.26 	17.24 	18.45 
PC_POP,N_GE1,DOT,ACT_INAC,ME	: 	: c	: 	: 	: 	: 
PC_POP,N_GE1,DOT,ACT_INAC,MT	22.62 	19.91 	16.51 	18.42 	16.16 	12.54 
PC_POP,N_GE1,DOT,ACT_INAC,NL	39.84 	40.05 	38.06 	37.77 	39.11 	41.66 
PC_POP,N_GE1,DOT,ACT_INAC,NO	54.81 	54.89 	: 	: 	59.63 	: 
PC_POP,N_GE1,DOT,ACT_INAC,PL	9.85 	9.13 	9.11 	9.09 	5.81 	5.41 
PC_POP,N_GE1,DOT,ACT_INAC,PT	7.09 	6.87 	3.95 	3.61 	4.87 	5.28 
PC_POP,N_GE1,DOT,ACT_INAC,RO	0.31 	0.22 	0.32 	0.28 	0.16 	0.03 
PC_POP,N_GE1,DOT,ACT_INAC,SE	49.33 	38.49 	43.68 	39.36 	: 	: 
PC_POP,N_GE1,DOT,ACT_INAC,SI	20.43 	20.36 	15.93 	18.14 e	17.87 e	21.1 
PC_POP,N_GE1,DOT,ACT_INAC,SK	19.83 	14.32 	15.13 	11.5 	8.94 b	5.23 
PC_POP,N_GE1,DOT,ACT_INAC,UK	: 	19.49 	18.15 	19.49 	21.06 	10.81 
PC_POP,N_GE1,DOT,EDUC,ES	27.1 	25.78 	22.5 b	9.01 	9.18 	10.33 
PC_POP,N_GE1,DOT,EDUC,FI	67.9 	58.13 	61.47 	61.54 	63.59 	61.04 
PC_POP,N_GE1,DOT,EDUC,HR	: 	: 	: b	: 	33.05 	12.36 u
PC_POP,N_GE1,DOT,EDUC,LU	: 	: 	: 	13.54 	14.31 	: 
PC_POP,N_GE1,DOT,EDUC,LV	24.81 	39.72 	35.23 	: 	: 	: 
PC_POP,N_GE1,DOT,EDUC,NL	44.03 	46.31 	46.08 	42.54 	48.48 	52.93 
PC_POP,N_GE1,DOT,EDUC,SI	: 	27.24 	24.62 	29.12 e	29.86 e	38.06 
PC_POP,N_GE1,DOT,EMP,ES	22.65 	21.07 	19.81 b	11.76 	10.81 	11.38 
PC_POP,N_GE1,DOT,EMP,FI	70.03 	66.15 	67 	63.09 	64.84 	60.23 
PC_POP,N_GE1,DOT,EMP,HR	: 	: 	: b	: 	22.17 	9.73 u
PC_POP,N_GE1,DOT,EMP,LU	: 	: 	: 	10.73 	11.42 	: 
PC_POP,N_GE1,DOT,EMP,LV	31.54 	30.08 	30.97 	: 	: 	: 
PC_POP,N_GE1,DOT,EMP,NL	45.78 	44.5 	43.12 	42.93 	43.4 	46.01 
PC_POP,N_GE1,DOT,EMP,SI	: 	27.19 	20.71 	23.76 e	22.84 e	26.87 
PC_POP,N_GE1,DOT,INAC_OTH,ES	7.11 	6.15 	6.24 b	4.86 	4.71 	4.6 
PC_POP,N_GE1,DOT,INAC_OTH,FI	36.14 	43.13 	39.73 	34.11 	35.41 	39.99 
PC_POP,N_GE1,DOT,INAC_OTH,HR	: 	: 	: b	: 	9.57 	5.64 u
PC_POP,N_GE1,DOT,INAC_OTH,LU	: 	: 	: 	6.41 	6.82 	: 
PC_POP,N_GE1,DOT,INAC_OTH,LV	6.95 	5.94 	6.72 	: 	: 	: 
PC_POP,N_GE1,DOT,INAC_OTH,NL	29.57 	32.5 	30.46 	30.52 	31.71 	34.69 
PC_POP,N_GE1,DOT,INAC_OTH,SI	: 	11.18 	7.5 	7.66 e	8.4 e	9.97 
PC_POP,N_GE1,DOT,UNE,ES	10.09 	8.61 	7.97 b	3.9 	4.06 	4.32 
PC_POP,N_GE1,DOT,UNE,FI	49.46 	39.96 u	51.08 	38.09 	33.79 	36.53 
PC_POP,N_GE1,DOT,UNE,HR	: 	: 	: b	: 	16.26 	7.32 u
PC_POP,N_GE1,DOT,UNE,LU	: 	: 	: 	4.44 	5.95 	: 
PC_POP,N_GE1,DOT,UNE,LV	23.76 	17.43 	12.85 	: 	: 	: 
PC_POP,N_GE1,DOT,UNE,NL	30.67 	30.48 	24.75 	25.47 	23.59 	24.25 
PC_POP,N_GE1,DOT,UNE,SI	: 	13.71 u	18.24 	14.54 e	13.27 e	14.66 
PC_POP,N_GE1,OUT,ACT_INAC,AT	22.69 	23.62 	23.44 	24.14 	21.49 	21.37 
PC_POP,N_GE1,OUT,ACT_INAC,BE	30.66 b	37.82 	35.27 	38.74 	40.35 	32.76 
PC_POP,N_GE1,OUT,ACT_INAC,BG	2.31 	1.89 	2.24 	1.36 	1.92 	1.74 
PC_POP,N_GE1,OUT,ACT_INAC,CH	: 	37.9 	34.87 	33.8 	31.86 	31.43 
PC_POP,N_GE1,OUT,ACT_INAC,CY	19.76 e	18.74 e	16.57 e	17.47 e	18.54 e	31.75 e
PC_POP,N_GE1,OUT,ACT_INAC,CZ	5.31 	5.4 	5.42 	6.91 	7.01 	5.91 
PC_POP,N_GE1,OUT,ACT_INAC,DE	15.07 	16.35 	15.14 	15.33 	16.87 	15.84 
PC_POP,N_GE1,OUT,ACT_INAC,DK	: 	40.29 	39.17 	40.77 	43.47 	41.14 e
PC_POP,N_GE1,OUT,ACT_INAC,EE	10.81 	13.84 	12.17 	12.91 	15.57 	13.89 
PC_POP,N_GE1,OUT,ACT_INAC,EL	2.87 	3.55 	3.27 	3.34 	3.12 	3 
PC_POP,N_GE1,OUT,ACT_INAC,ES	5.38 	5.28 	5.18 b	3.92 	3.65 	3.81 
PC_POP,N_GE1,OUT,ACT_INAC,FI	4.61 	4.95 	5.01 	5.6 	5.46 	5.5 
PC_POP,N_GE1,OUT,ACT_INAC,FR	3.98 	4.3 	4.06 	4.01 	3.93 	3.72 
PC_POP,N_GE1,OUT,ACT_INAC,HR	9.64 	6.1 	6.07 b	9.89 	4.42 	17.88 u
PC_POP,N_GE1,OUT,ACT_INAC,HU	: 	6.71 	6.38 	5.78 	5.67 	5.52 
PC_POP,N_GE1,OUT,ACT_INAC,IE	8.92 	11.44 	11.13 	9.31 	8.96 	9.23 
PC_POP,N_GE1,OUT,ACT_INAC,IT	7.93 	6.46 	7.12 	6.35 b	7.11 	8.49 
PC_POP,N_GE1,OUT,ACT_INAC,LT	28.01 	27.67 	27.74 	28.61 	27.79 	26.28 
PC_POP,N_GE1,OUT,ACT_INAC,LU	: 	72.01 	70.67 	72.64 	71.59 	69.15 
PC_POP,N_GE1,OUT,ACT_INAC,LV	10.65 	10.59 	8.65 	8.7 	10.17 	11.57 
PC_POP,N_GE1,OUT,ACT_INAC,ME	: 	: c	: 	: 	: 	: 
PC_POP,N_GE1,OUT,ACT_INAC,MT	27.54 	25.22 	21.7 	19.04 	19.33 	15.16 
PC_POP,N_GE1,OUT,ACT_INAC,NL	24.45 	22.43 	22.43 	21.81 	21.56 	20.12 
PC_POP,N_GE1,OUT,ACT_INAC,NO	18.45 	18.43 	: 	: 	17.28 	: 
PC_POP,N_GE1,OUT,ACT_INAC,PL	8.23 	7.92 	7.59 	7.25 	8.71 	7.85 
PC_POP,N_GE1,OUT,ACT_INAC,PT	4.35 	3.61 	2.32 	2.06 	3.52 	3 
PC_POP,N_GE1,OUT,ACT_INAC,RO	1.42 	1.36 	1.43 	1.35 	1.28 	1.04 
PC_POP,N_GE1,OUT,ACT_INAC,SE	13.38 	12.08 	11.01 	9.78 	: 	: 
PC_POP,N_GE1,OUT,ACT_INAC,SI	34.69 	33.43 	34.32 	31.48 e	30.89 e	28.65 
PC_POP,N_GE1,OUT,ACT_INAC,SK	16.57 	18.66 	17.49 	15.76 	19.75 b	27.48 
PC_POP,N_GE1,OUT,ACT_INAC,UK	: 	19.81 	21.49 	19.81 	16.17 	29.64 
PC_POP,N_GE1,OUT,EDUC,ES	6.36 	6.53 	7.34 b	4.95 	4.84 	4.98 
PC_POP,N_GE1,OUT,EDUC,FI	2.77 u	: c	5.85 u	2.77 u	2.09 u	3.39 u
PC_POP,N_GE1,OUT,EDUC,HR	: 	: 	: b	: 	3.37 	26.78 u
PC_POP,N_GE1,OUT,EDUC,LU	: 	: 	: 	66.96 	71.12 	: 
PC_POP,N_GE1,OUT,EDUC,LV	12.93 	9.98 	: c	: 	: 	: 
PC_POP,N_GE1,OUT,EDUC,NL	28.91 	23.79 	23.5 	22.61 	19.69 	15.59 
PC_POP,N_GE1,OUT,EDUC,SI	: 	49.39 	53.83 	45.18 e	45.05 e	36 
PC_POP,N_GE1,OUT,EMP,ES	6.18 	6.28 	5.73 b	4.95 	4.47 	4.86 
PC_POP,N_GE1,OUT,EMP,FI	4.88 	5.14 u	4.75 	6.17 	4.03 	5.27 
PC_POP,N_GE1,OUT,EMP,HR	: 	: 	: b	: 	5.24 	21.07 u
PC_POP,N_GE1,OUT,EMP,LU	: 	: 	: 	77.94 	77.08 	: 
PC_POP,N_GE1,OUT,EMP,LV	13.01 	12.44 	10.64 	: 	: 	: 
PC_POP,N_GE1,OUT,EMP,NL	25.59 	24.64 	24.02 	24.08 	24.57 	23.24 
PC_POP,N_GE1,OUT,EMP,SI	: 	43.52 	43.9 	41.8 e	39.1 e	37.63 
PC_POP,N_GE1,OUT,INAC_OTH,ES	3.77 	3.17 	3.32 b	2.19 	2.24 	2.13 
PC_POP,N_GE1,OUT,INAC_OTH,FI	4.27 	5.44 u	5.37 	5.84 	8.32 	6.58 
PC_POP,N_GE1,OUT,INAC_OTH,HR	: 	: 	: b	: 	3.9 	12.22 u
PC_POP,N_GE1,OUT,INAC_OTH,LU	: 	: 	: 	63.3 	59.23 	: 
PC_POP,N_GE1,OUT,INAC_OTH,LV	6.09 	7.34 	5.98 	: 	: 	: 
PC_POP,N_GE1,OUT,INAC_OTH,NL	20.89 	19.6 	20.27 	19.04 	18.52 	17.26 
PC_POP,N_GE1,OUT,INAC_OTH,SI	: 	17.91 	18.18 	15.64 e	15.56 e	16.04 
PC_POP,N_GE1,OUT,UNE,ES	5.48 	5.67 	5.88 b	3.78 	3.43 	3.44 
PC_POP,N_GE1,OUT,UNE,FI	8.27 u	: c	3.44 u	5.36 u	9.69 u	6.72 u
PC_POP,N_GE1,OUT,UNE,HR	: 	: 	: b	: 	4.63 	15.85 u
PC_POP,N_GE1,OUT,UNE,LU	: 	: 	: 	70.41 	65.11 	: 
PC_POP,N_GE1,OUT,UNE,LV	9.04 	9.46 	8.4 	: 	: 	: 
PC_POP,N_GE1,OUT,UNE,NL	23.36 	16.75 	19.24 	16.67 	15.75 	15.33 
PC_POP,N_GE1,OUT,UNE,SI	: 	26.25 	31.86 	19.88 e	28.41 e	23.44 
PC_POP,N_GE1,WORLD,ACT_INAC,AT	76.62 	76.78 	75.92 	76.41 	76.43 	76.21 
PC_POP,N_GE1,WORLD,ACT_INAC,BE	64.79 b	58.52 	56.4 	55.56 	61.58 	49.57 
PC_POP,N_GE1,WORLD,ACT_INAC,BG	34.72 	29.77 	28.38 	25.67 	22 	18.8 
PC_POP,N_GE1,WORLD,ACT_INAC,CH	: 	89.78 	87.42 	86.42 	86.86 	85.99 
PC_POP,N_GE1,WORLD,ACT_INAC,CY	68.35 e	69.03 e	67.6 e	63.18 e	52.04 e	75.72 e
PC_POP,N_GE1,WORLD,ACT_INAC,CZ	81.55 	80.8 	80.52 	83.91 	73.58 	75.01 
PC_POP,N_GE1,WORLD,ACT_INAC,DE	72.35 	75.41 	77.51 	77.13 	77.79 	77.39 
PC_POP,N_GE1,WORLD,ACT_INAC,DK	: 	79.84 	78.84 	82.07 	82.18 	73.41 e
PC_POP,N_GE1,WORLD,ACT_INAC,EE	67.7 	68.72 	66.1 	71.11 	61.84 	60.58 
PC_POP,N_GE1,WORLD,ACT_INAC,EL	39.36 	35.56 	36.68 	38.84 	32.58 	37.08 
PC_POP,N_GE1,WORLD,ACT_INAC,ES	65.64 	65.73 	62.8 b	53.93 	54.34 	53.35 
PC_POP,N_GE1,WORLD,ACT_INAC,FI	91.33 	91.45 	90.65 	90.75 	90.69 	92.08 
PC_POP,N_GE1,WORLD,ACT_INAC,FR	73.79 	73.11 	74.78 	74.29 	75.05 	75.09 
PC_POP,N_GE1,WORLD,ACT_INAC,HR	43.08 	43.98 	42.93 b	49.04 	47.09 	51.84 
PC_POP,N_GE1,WORLD,ACT_INAC,HU	: 	55.21 	52.96 	53.03 	51.68 	52 
PC_POP,N_GE1,WORLD,ACT_INAC,IE	74.2 	74.23 	74.29 	73.91 	70.44 	70.96 
PC_POP,N_GE1,WORLD,ACT_INAC,IT	41.39 	41.88 	41.89 	37.9 b	41.74 	48.47 
PC_POP,N_GE1,WORLD,ACT_INAC,LT	57.68 	57.29 	58.24 	57.87 	56.25 	51.94 
PC_POP,N_GE1,WORLD,ACT_INAC,LU	: 	80.93 	82.92 	82.47 	82.78 	81.03 
PC_POP,N_GE1,WORLD,ACT_INAC,LV	57.72 	58.98 	55.3 	52.51 	52.47 	61.46 
PC_POP,N_GE1,WORLD,ACT_INAC,ME	: 	: c	: 	: 	: 	: 
PC_POP,N_GE1,WORLD,ACT_INAC,MT	64 	59.66 	51.7 	53.69 	50.39 	48.67 
PC_POP,N_GE1,WORLD,ACT_INAC,NL	85.41 	85.28 	83.52 	83.69 	84.39 	85.23 
PC_POP,N_GE1,WORLD,ACT_INAC,NO	90.34 	90.45 	: 	: 	91.34 	: 
PC_POP,N_GE1,WORLD,ACT_INAC,PL	59.24 	56.75 	54.1 	53.12 	52.11 	47.84 
PC_POP,N_GE1,WORLD,ACT_INAC,PT	42.22 	42.38 	24.39 	23.87 	37.48 	36.61 
PC_POP,N_GE1,WORLD,ACT_INAC,RO	26.76 	24.01 	26.32 	25.19 	23.57 	21.5 
PC_POP,N_GE1,WORLD,ACT_INAC,SE	81.88 	78.79 	81.05 	75.23 	: 	: 
PC_POP,N_GE1,WORLD,ACT_INAC,SI	65.64 	66.59 	62.63 	62.85 e	61.46 e	63.61 
PC_POP,N_GE1,WORLD,ACT_INAC,SK	70.69 	66.14 	60.1 	53.49 	56.03 b	54.43 
PC_POP,N_GE1,WORLD,ACT_INAC,UK	: 	64.08 	64.08 	64.08 	64.08 	65.69 
PC_POP,N_GE1,WORLD,EDUC,ES	80.51 	80.49 	77.64 b	58.31 	60.28 	59.19 
PC_POP,N_GE1,WORLD,EDUC,FI	97.01 	99.06 	96 	97.14 	98.06 	97.82 
PC_POP,N_GE1,WORLD,EDUC,HR	: 	: 	: b	: 	74.63 	77.65 
PC_POP,N_GE1,WORLD,EDUC,LU	: 	: 	: 	82.13 	89.22 	: 
PC_POP,N_GE1,WORLD,EDUC,LV	80.15 	84.7 	70.99 	: 	: 	: 
PC_POP,N_GE1,WORLD,EDUC,NL	88.96 	88.64 	87.77 	88.94 	89.7 	90.8 
PC_POP,N_GE1,WORLD,EDUC,SI	: 	89.46 	84.98 	85.42 e	86.28 e	84.83 
PC_POP,N_GE1,WORLD,EMP,ES	75.81 	77.1 	73.75 b	64.69 	65.02 	63.87 
PC_POP,N_GE1,WORLD,EMP,FI	94.58 	95.41 	95.18 	96.28 	95.88 	95.2 
PC_POP,N_GE1,WORLD,EMP,HR	: 	: 	: b	: 	58.2 	61.1 
PC_POP,N_GE1,WORLD,EMP,LU	: 	: 	: 	88.79 	88.83 	: 
PC_POP,N_GE1,WORLD,EMP,LV	70.22 	71.87 	68.76 	: 	: 	: 
PC_POP,N_GE1,WORLD,EMP,NL	89.9 	89.65 	87.93 	88.41 	89.42 	90.12 
PC_POP,N_GE1,WORLD,EMP,SI	: 	80.91 	76.16 	77.94 e	74.24 e	78 
PC_POP,N_GE1,WORLD,INAC_OTH,ES	48.89 	47.23 	46.64 b	43.85 	44.74 	43.23 
PC_POP,N_GE1,WORLD,INAC_OTH,FI	83.25 	82.25 	81.21 	79.45 	81.38 	84.69 
PC_POP,N_GE1,WORLD,INAC_OTH,HR	: 	: 	: b	: 	29.98 	35.44 
PC_POP,N_GE1,WORLD,INAC_OTH,LU	: 	: 	: 	70.11 	67.32 	: 
PC_POP,N_GE1,WORLD,INAC_OTH,LV	29.72 	28.79 	31.19 	: 	: 	: 
PC_POP,N_GE1,WORLD,INAC_OTH,NL	77.08 	79.1 	77.31 	76.77 	77.16 	77.57 
PC_POP,N_GE1,WORLD,INAC_OTH,SI	: 	43.77 	41.2 	38 e	37.98 e	40.26 
PC_POP,N_GE1,WORLD,UNE,ES	56.02 	57.51 	53.33 b	39.84 	40.1 	40.4 
PC_POP,N_GE1,WORLD,UNE,FI	91.34 	88.73 	86.11 	88.49 	79.25 	90.91 
PC_POP,N_GE1,WORLD,UNE,HR	: 	: 	: b	: 	42.57 	45.96 
PC_POP,N_GE1,WORLD,UNE,LU	: 	: 	: 	75.35 	71.05 	: 
PC_POP,N_GE1,WORLD,UNE,LV	57.01 	47.79 	39.72 	: 	: 	: 
PC_POP,N_GE1,WORLD,UNE,NL	81.36 	75.23 	73.82 	72.24 	69.65 	73.38 
PC_POP,N_GE1,WORLD,UNE,SI	: 	60.6 	59.1 	49.18 e	53.31 e	55.66 
PC_POP,N_GE4,DOM,ACT_INAC,AT	8.74 	8.71 	8.55 	8.82 	8.3 	9.79 
PC_POP,N_GE4,DOM,ACT_INAC,BE	2.85 b	2.04 	2.36 	2.09 	2.88 	3.76 
PC_POP,N_GE4,DOM,ACT_INAC,BG	21.28 	17.44 	17.95 	14.82 	11.95 	9.15 b
PC_POP,N_GE4,DOM,ACT_INAC,CH	: 	7.74 	7.4 	8.55 	8.53 	9.94 
PC_POP,N_GE4,DOM,ACT_INAC,CY	12.73 e	12.63 e	16.01 e	10.52 e	7.05 e	8.12 e
PC_POP,N_GE4,DOM,ACT_INAC,CZ	26.61 	26.86 	25.77 	29.8 	24.48 	23.09 
PC_POP,N_GE4,DOM,ACT_INAC,DE	13.3 	14.73 	15.98 	16.19 	15.67 	16.05 
PC_POP,N_GE4,DOM,ACT_INAC,DK	: 	19.25 	19.36 	20.34 	19.08 	16.59 
PC_POP,N_GE4,DOM,ACT_INAC,EE	11.56 	11.03 	9.39 	10.84 	9.97 	10.54 b
PC_POP,N_GE4,DOM,ACT_INAC,EL	28.48 	24.47 	25.4 	28.15 	23.38 	25.13 
PC_POP,N_GE4,DOM,ACT_INAC,ES	32.1 	33.56 	32.18 b	28.92 	29.92 	28.59 
PC_POP,N_GE4,DOM,ACT_INAC,FI	26.73 	28.26 	30.05 	29.82 	28.77 	29.7 b
PC_POP,N_GE4,DOM,ACT_INAC,FR	36.04 	41.18 	43.06 	43.02 	43.92 	44.75 
PC_POP,N_GE4,DOM,ACT_INAC,HR	21.45 	22.6 	20.9 b	22.32 	18.76 	21.3 
PC_POP,N_GE4,DOM,ACT_INAC,HU	: 	18.47 	18.54 	19.47 	19.66 	19.33 b
PC_POP,N_GE4,DOM,ACT_INAC,IE	8.47 	7.87 	8.94 	9 	8.97 	8.52 
PC_POP,N_GE4,DOM,ACT_INAC,IT	21.79 	21.59 	23.66 	21.59 b	23.84 	27.67 
PC_POP,N_GE4,DOM,ACT_INAC,LT	5.1 	5.36 	6.17 	6.07 	5.43 	4.8 
PC_POP,N_GE4,DOM,ACT_INAC,LU	: 	: c	: c	0.8 	0.21 	0.43 
PC_POP,N_GE4,DOM,ACT_INAC,LV	6.95 	6.79 	6.08 	5.31 	7.05 	8.33 
PC_POP,N_GE4,DOM,ACT_INAC,ME	: 	: c	: 	: 	: 	: 
PC_POP,N_GE4,DOM,ACT_INAC,MT	5.98 	5.46 	5.35 	7.25 	5.7 	7.3 b
PC_POP,N_GE4,DOM,ACT_INAC,NL	15.05 	16.78 	16.59 	16.98 	17.3 	18.1 b
PC_POP,N_GE4,DOM,ACT_INAC,NO	15.27 	15.34 	: 	: 	13.04 	: 
PC_POP,N_GE4,DOM,ACT_INAC,PL	27.02 	26.27 	24.96 	22.29 	24.85 	22.48 
PC_POP,N_GE4,DOM,ACT_INAC,PT	20.16 	20.26 	11.4 	11.29 	19.78 	15.85 
PC_POP,N_GE4,DOM,ACT_INAC,RO	8.71 	8.26 	9.15 	8.98 	8.75 	9.14 
PC_POP,N_GE4,DOM,ACT_INAC,SE	12.84 	10.67 	10.14 	10.61 	: 	37.8 
PC_POP,N_GE4,DOM,ACT_INAC,SI	6.89 	8.43 	7.77 	8.23 e	7.82 e	8.62 
PC_POP,N_GE4,DOM,ACT_INAC,SK	16.56 	17.39 	15.32 	13.91 	14.99 b	13.74 
PC_POP,N_GE4,DOM,ACT_INAC,UK	: 	15.69 	15.67 	15.57 	18.44 	20.84 
PC_POP,N_GE4,DOM,EDUC,ES	36.38 	39.51 	35.62 b	31.21 	34.5 	31.52 
PC_POP,N_GE4,DOM,EDUC,FI	24.12 	33.28 u	31.2 	33.43 	34.37 	28.65 b
PC_POP,N_GE4,DOM,EDUC,HR	: 	: 	: b	: 	34.32 	28.44 
PC_POP,N_GE4,DOM,EDUC,LU	: 	: 	: 	1.62 	1.35 	: 
PC_POP,N_GE4,DOM,EDUC,LV	11.04 	12.24 	6.51 	: 	: 	: 
PC_POP,N_GE4,DOM,EDUC,NL	9.97 	11.39 	10.31 	12.48 	11.98 	15.03 b
PC_POP,N_GE4,DOM,EDUC,SI	: 	4.49 u	5.32 u	5.7 u	6.47 e	8.82 
PC_POP,N_GE4,DOM,EMP,ES	35 	37.49 	36.51 b	33.1 	34.07 	32.82 
PC_POP,N_GE4,DOM,EMP,FI	26.12 	25.59 	29.04 	27.63 	26.52 	27.5 b
PC_POP,N_GE4,DOM,EMP,HR	: 	: 	: b	: 	24.13 	29.05 
PC_POP,N_GE4,DOM,EMP,LU	: 	: 	: 	1.1 	0.11 	: 
PC_POP,N_GE4,DOM,EMP,LV	7.03 	8.31 	7.24 	: 	: 	: 
PC_POP,N_GE4,DOM,EMP,NL	13.85 	15.87 	15.34 	15.93 	16.56 	17.1 b
PC_POP,N_GE4,DOM,EMP,SI	: 	6.76 	6.68 	7.75 e	7.54 e	8.82 
PC_POP,N_GE4,DOM,INAC_OTH,ES	28.76 	28.42 	28.61 b	27.32 	28.38 	26.61 
PC_POP,N_GE4,DOM,INAC_OTH,FI	27.47 	28.45 	31.24 	30.29 	31.76 	33.6 b
PC_POP,N_GE4,DOM,INAC_OTH,HR	: 	: 	: b	: 	11.22 	15.19 
PC_POP,N_GE4,DOM,INAC_OTH,LU	: 	: 	: 	0 u	0 u	: 
PC_POP,N_GE4,DOM,INAC_OTH,LV	6.03 	3.04 	4.68 	: 	: 	: 
PC_POP,N_GE4,DOM,INAC_OTH,NL	18.94 	20.2 	20.34 	20.15 	20.03 	20.06 b
PC_POP,N_GE4,DOM,INAC_OTH,SI	: 	10.87 	9.51 	10.08 e	8.65 e	9.38 
PC_POP,N_GE4,DOM,UNE,ES	25.76 	27.32 	24.47 b	18.06 	18.68 	18.97 
PC_POP,N_GE4,DOM,UNE,FI	34.49 	41.12 u	30.8 	38.67 	22.08 	30.47 b
PC_POP,N_GE4,DOM,UNE,HR	: 	: 	: b	: 	13.53 	13.75 
PC_POP,N_GE4,DOM,UNE,LU	: 	: 	: 	0 u	0 u	: 
PC_POP,N_GE4,DOM,UNE,LV	5.68 	3.24 	: c	: 	: 	: 
PC_POP,N_GE4,DOM,UNE,NL	16.16 	17.57 	19.02 	18.64 	20.67 	21.44 b
PC_POP,N_GE4,DOM,UNE,SI	: 	12.16 u	8.99 u	6.76 u	7.85 e	4.84 u
PC_POP,N_GE4,DOT,ACT_INAC,AT	32.55 	31.88 	31.12 	30.75 	33.06 	32.6 
PC_POP,N_GE4,DOT,ACT_INAC,BE	24.57 b	15.59 	14.54 	10.99 	15.25 	10.39 
PC_POP,N_GE4,DOT,ACT_INAC,BG	1.82 	0.53 	1.17 	0.7 	0.53 	0.36 b
PC_POP,N_GE4,DOT,ACT_INAC,CH	: 	17.87 	18.71 	19.49 	21.29 	18.39 
PC_POP,N_GE4,DOT,ACT_INAC,CY	22.74 e	24.24 e	22.14 e	21.58 e	7.19 e	10.75 e
PC_POP,N_GE4,DOT,ACT_INAC,CZ	19.8 	19.13 	16.49 	16.94 	15.26 	18.63 e
PC_POP,N_GE4,DOT,ACT_INAC,DE	18.94 	18.01 	17.9 	18.68 	17.31 	17.61 
PC_POP,N_GE4,DOT,ACT_INAC,DK	: 	17.27 	17.38 	16.69 	15.53 	11.75 
PC_POP,N_GE4,DOT,ACT_INAC,EE	11.34 u	6.35 u	7.39 	9.67 	9.43 	7.4 b
PC_POP,N_GE4,DOT,ACT_INAC,EL	1.82 	1.37 	1.7 	1.68 	1.39 	1.09 
PC_POP,N_GE4,DOT,ACT_INAC,ES	9.76 	9.07 	8.43 b	3.79 	3.85 	4.03 
PC_POP,N_GE4,DOT,ACT_INAC,FI	23.68 	25.48 	25.13 	21.72 	24.32 	22.45 b
PC_POP,N_GE4,DOT,ACT_INAC,FR	14.04 	14.44 	14.74 	15.09 	14.84 	14.05 
PC_POP,N_GE4,DOT,ACT_INAC,HR	4.59 	3.51 	3.33 b	3.87 	4.88 	4.56 
PC_POP,N_GE4,DOT,ACT_INAC,HU	: 	6.34 	5.59 	5.95 	6.06 	6.58 b
PC_POP,N_GE4,DOT,ACT_INAC,IE	24.78 	22.8 	22.05 	22.76 	21.73 	21.59 
PC_POP,N_GE4,DOT,ACT_INAC,IT	5.61 	6.3 	4.93 	4.43 b	3.04 	2.66 
PC_POP,N_GE4,DOT,ACT_INAC,LT	0.98 u	0.91 u	0.88 u	0.85 	0.84 u	0.47 u
PC_POP,N_GE4,DOT,ACT_INAC,LU	: 	2.15 u	2.9 u	1.79 	1.82 	2.56 
PC_POP,N_GE4,DOT,ACT_INAC,LV	5.2 	5.48 	5.8 	5.01 	2.62 	3.94 
PC_POP,N_GE4,DOT,ACT_INAC,ME	: 	: c	: 	: 	: 	: 
PC_POP,N_GE4,DOT,ACT_INAC,MT	8.23 	5.56 	5.25 	6.4 	5.46 	3.92 
PC_POP,N_GE4,DOT,ACT_INAC,NL	16.02 	16.14 	15.83 	14.69 	15.96 	16.72 b
PC_POP,N_GE4,DOT,ACT_INAC,NO	33.48 	33.43 	: 	: 	34.34 	: 
PC_POP,N_GE4,DOT,ACT_INAC,PL	5.61 	5.53 	5.53 	5.15 	4.77 	4.43 
PC_POP,N_GE4,DOT,ACT_INAC,PT	6.54 	6.51 	3.75 	3.25 	4.45 	2.46 
PC_POP,N_GE4,DOT,ACT_INAC,RO	0.28 	0.19 	0.29 	0.26 	0.14 	0.03 
PC_POP,N_GE4,DOT,ACT_INAC,SE	24.79 	19.59 	24.25 	20.11 	: 	4.1 
PC_POP,N_GE4,DOT,ACT_INAC,SI	6.28 	5.98 	5.35 	5.73 e	5.68 e	6.9 
PC_POP,N_GE4,DOT,ACT_INAC,SK	9.7 	7.58 	6.72 u	3.23 	3.59 b	2.49 
PC_POP,N_GE4,DOT,ACT_INAC,UK	: 	5.23 	6.27 	5.19 	6.83 	8.6 
PC_POP,N_GE4,DOT,EDUC,ES	19.52 	17.02 	14.92 b	4.56 	5.17 	6.03 
PC_POP,N_GE4,DOT,EDUC,FI	28.78 	26.48 u	25.96 	26.72 	28.25 	30.97 b
PC_POP,N_GE4,DOT,EDUC,HR	: 	: 	: b	: 	10.36 	11.28 
PC_POP,N_GE4,DOT,EDUC,LU	: 	: 	: 	4.26 	4.64 	: 
PC_POP,N_GE4,DOT,EDUC,LV	5.78 	10.71 	8.49 	: 	: 	: 
PC_POP,N_GE4,DOT,EDUC,NL	13.66 	9.32 	15.33 	12.13 	14.61 	16.74 b
PC_POP,N_GE4,DOT,EDUC,SI	: 	8.82 	6.99 	8.22 e	8.75 e	10.58 
PC_POP,N_GE4,DOT,EMP,ES	12.29 	11.93 	11.33 b	4.93 	5.08 	5.31 
PC_POP,N_GE4,DOT,EMP,FI	26.26 	28.72 	28.78 	26.43 	30.1 	24.8 b
PC_POP,N_GE4,DOT,EMP,HR	: 	: 	: b	: 	7.32 	6.3 
PC_POP,N_GE4,DOT,EMP,LU	: 	: 	: 	1.88 	1.59 	: 
PC_POP,N_GE4,DOT,EMP,LV	6.97 	6.75 	8.05 	: 	: 	: 
PC_POP,N_GE4,DOT,EMP,NL	17.69 	17.72 	16.53 	14.5 	16.49 	16.75 b
PC_POP,N_GE4,DOT,EMP,SI	: 	6.89 	6.79 	7.59 e	7.01 e	8.4 
PC_POP,N_GE4,DOT,INAC_OTH,ES	4.56 	4.1 	4.16 b	3 	2.75 	2.7 
PC_POP,N_GE4,DOT,INAC_OTH,FI	17.53 	20.19 	18.67 	13.89 	14.96 	16.98 b
PC_POP,N_GE4,DOT,INAC_OTH,HR	: 	: 	: b	: 	2.53 	1.51 
PC_POP,N_GE4,DOT,INAC_OTH,LU	: 	: 	: 	1.13 	1.55 	: 
PC_POP,N_GE4,DOT,INAC_OTH,LV	2.26 	1.85 	1.82 	: 	: 	: 
PC_POP,N_GE4,DOT,INAC_OTH,NL	15.17 	16.48 	16.5 	17.44 	17.73 	18.59 b
PC_POP,N_GE4,DOT,INAC_OTH,SI	: 	4.66 	3.53 	2.8 e	3.87 e	4.29 
PC_POP,N_GE4,DOT,UNE,ES	5.31 	4.75 	4.38 b	1.51 	1.82 	1.87 
PC_POP,N_GE4,DOT,UNE,FI	20.99 	: c	23.12 u	11.5 u	14.77 u	10.26 u
PC_POP,N_GE4,DOT,UNE,HR	: 	: 	: b	: 	1.35 	2.17 
PC_POP,N_GE4,DOT,UNE,LU	: 	: 	: 	0 u	0.38 	: 
PC_POP,N_GE4,DOT,UNE,LV	2.94 	4.02 	: c	: 	: 	: 
PC_POP,N_GE4,DOT,UNE,NL	9.51 	13.58 	10.54 	10.6 	9.17 	10.19 b
PC_POP,N_GE4,DOT,UNE,SI	: 	2.87 u	3.52 u	3.92 u	2.29 u	5.11 u
PC_POP,N_GE4,OUT,ACT_INAC,AT	18.45 	19.33 	19.12 	19.35 	17.31 	17.52 
PC_POP,N_GE4,OUT,ACT_INAC,BE	26.87 b	33.85 	32.09 	34.42 	36.14 	28.89 
PC_POP,N_GE4,OUT,ACT_INAC,BG	2.83 	2.24 	2.46 	1.17 	1.65 	1.58 b
PC_POP,N_GE4,OUT,ACT_INAC,CH	: 	55.21 	51.27 	49.4 	46.56 	46.46 
PC_POP,N_GE4,OUT,ACT_INAC,CY	17.02 e	16.16 e	14.97 e	15.6 e	13.8 e	25.15 e
PC_POP,N_GE4,OUT,ACT_INAC,CZ	16.49 	15.18 	18.26 	18.86 	16.74 	15.23 e
PC_POP,N_GE4,OUT,ACT_INAC,DE	29.2 	31.31 	30.72 	30.52 	31.54 	30.53 
PC_POP,N_GE4,OUT,ACT_INAC,DK	: 	37.31 	35.1 	36.45 	38.87 	40.86 
PC_POP,N_GE4,OUT,ACT_INAC,EE	20.97 	26.55 	24.68 	22.7 	19.43 	18.85 b
PC_POP,N_GE4,OUT,ACT_INAC,EL	2.9 	3.36 	3.07 	3.18 	3.09 	2.74 
PC_POP,N_GE4,OUT,ACT_INAC,ES	7.98 	7.83 	7.4 b	5.45 	5.1 	5.46 
PC_POP,N_GE4,OUT,ACT_INAC,FI	18.68 	15.17 	15.65 	16.19 	15.67 	15.93 b
PC_POP,N_GE4,OUT,ACT_INAC,FR	7.27 	7.44 	7.22 	7.27 	7.03 	6.69 
PC_POP,N_GE4,OUT,ACT_INAC,HR	7.96 	4.71 	5.64 b	7.85 	5.87 	7.76 
PC_POP,N_GE4,OUT,ACT_INAC,HU	: 	11.92 	11.77 	9.28 	8.78 	9.58 b
PC_POP,N_GE4,OUT,ACT_INAC,IE	22.84 	25.45 	23.94 	24.44 	19.65 	22.64 
PC_POP,N_GE4,OUT,ACT_INAC,IT	8.92 	7.43 	7.9 	7.18 b	7.06 	9.5 
PC_POP,N_GE4,OUT,ACT_INAC,LT	21.45 	20.69 	21.06 	21.4 	20.65 	19.12 
PC_POP,N_GE4,OUT,ACT_INAC,LU	: 	72.93 	71.67 	64.54 	74.37 	69.37 
PC_POP,N_GE4,OUT,ACT_INAC,LV	19.77 	20.06 	18.15 	16.68 	18.04 	18.02 
PC_POP,N_GE4,OUT,ACT_INAC,ME	: 	: c	: 	: 	: 	: 
PC_POP,N_GE4,OUT,ACT_INAC,MT	36.39 	34.28 	28.52 	26.19 	24.85 	22.36 b
PC_POP,N_GE4,OUT,ACT_INAC,NL	44.17 	41.98 	40.39 	40.58 	40.35 	40.29 b
PC_POP,N_GE4,OUT,ACT_INAC,NO	32.48 	32.53 	: 	: 	34.67 	: 
PC_POP,N_GE4,OUT,ACT_INAC,PL	7.1 	6.84 	6.11 	9.06 	6.69 	6.26 
PC_POP,N_GE4,OUT,ACT_INAC,PT	3.67 	2.91 	1.9 	1.76 	3.04 	2.98 
PC_POP,N_GE4,OUT,ACT_INAC,RO	1.25 	1.21 	1.25 	1.23 	1.12 	0.93 
PC_POP,N_GE4,OUT,ACT_INAC,SE	29.31 	18.52 	18.76 	16.85 	: 	38.1 
PC_POP,N_GE4,OUT,ACT_INAC,SI	42.45 	39.14 	39.17 	37.89 e	36.06 e	36.45 
PC_POP,N_GE4,OUT,ACT_INAC,SK	22.47 	22.9 	24.5 	21.86 	21.54 b	28.26 
PC_POP,N_GE4,OUT,ACT_INAC,UK	: 	22.67 	22.83 	22.5 	28.3 	27.43 
PC_POP,N_GE4,OUT,EDUC,ES	9.23 	10.34 	10.48 b	6.69 	6.11 	6.27 
PC_POP,N_GE4,OUT,EDUC,FI	26.62 	: c	14.35 	19.77 	15.04 	15.64 b
PC_POP,N_GE4,OUT,EDUC,HR	: 	: 	: b	: 	7.54 	16.18 
PC_POP,N_GE4,OUT,EDUC,LU	: 	: 	: 	39.07 	75.94 	: 
PC_POP,N_GE4,OUT,EDUC,LV	19.64 	25.53 	17.83 	: 	: 	: 
PC_POP,N_GE4,OUT,EDUC,NL	53.93 	53.95 	48.18 	46.76 	48.03 	48.48 b
PC_POP,N_GE4,OUT,EDUC,SI	: 	56.87 	64.06 	58.73 e	57.72 e	53.86 
PC_POP,N_GE4,OUT,EMP,ES	10.27 	9.81 	9.25 b	7.5 	7.02 	7.55 
PC_POP,N_GE4,OUT,EMP,FI	21.96 	19.72 	18.84 	19.28 	19.05 	20.14 b
PC_POP,N_GE4,OUT,EMP,HR	: 	: 	: b	: 	6.97 	5.34 
PC_POP,N_GE4,OUT,EMP,LU	: 	: 	: 	75.6 	81.03 	: 
PC_POP,N_GE4,OUT,EMP,LV	27.3 	25.87 	23.72 	: 	: 	: 
PC_POP,N_GE4,OUT,EMP,NL	48.98 	46.5 	45.86 	47.78 	46.11 	46.3 b
PC_POP,N_GE4,OUT,EMP,SI	: 	53.07 	51.61 	50.89 e	46.35 e	49.68 
PC_POP,N_GE4,OUT,INAC_OTH,ES	4.41 	4.18 	3.84 b	2.72 	2.7 	2.91 
PC_POP,N_GE4,OUT,INAC_OTH,FI	9.98 	10.94 	11.28 	11.09 	9.88 	10.01 b
PC_POP,N_GE4,OUT,INAC_OTH,HR	: 	: 	: b	: 	3.95 	5.73 
PC_POP,N_GE4,OUT,INAC_OTH,LU	: 	: 	: 	53.3 	60.53 	: 
PC_POP,N_GE4,OUT,INAC_OTH,LV	6.47 	7.56 	9.43 	: 	: 	: 
PC_POP,N_GE4,OUT,INAC_OTH,NL	32.87 	32.77 	31.17 	29.4 	30.08 	30.73 b
PC_POP,N_GE4,OUT,INAC_OTH,SI	: 	18.61 	17.69 	16.32 e	16.56 e	16.43 
PC_POP,N_GE4,OUT,UNE,ES	6.91 	7.39 	7.02 b	4.22 	3.89 	4.14 
PC_POP,N_GE4,OUT,UNE,FI	16.65 u	: c	10.83 u	8.74 u	17.29 u	11.14 u
PC_POP,N_GE4,OUT,UNE,HR	: 	: 	: b	: 	6.63 	9.39 
PC_POP,N_GE4,OUT,UNE,LU	: 	: 	: 	54.62 	59.48 	: 
PC_POP,N_GE4,OUT,UNE,LV	18.17 	17.78 	13.3 	: 	: 	: 
PC_POP,N_GE4,OUT,UNE,NL	39.28 	30.71 	30.09 	27.13 	27.49 	24.7 b
PC_POP,N_GE4,OUT,UNE,SI	: 	30.43 	39.39 	24.85 e	29.67 e	26.49 
PC_POP,N_GE4,WORLD,ACT_INAC,AT	59.74 	59.93 	58.78 	58.92 	58.66 	59.91 
PC_POP,N_GE4,WORLD,ACT_INAC,BE	54.29 b	51.48 	48.98 	47.51 	54.26 	43.04 
PC_POP,N_GE4,WORLD,ACT_INAC,BG	25.93 	20.22 	21.57 	16.69 	14.13 	11.09 b
PC_POP,N_GE4,WORLD,ACT_INAC,CH	: 	80.82 	77.39 	77.44 	76.37 	74.79 
PC_POP,N_GE4,WORLD,ACT_INAC,CY	52.49 e	53.03 e	53.12 e	47.71 e	28.03 e	44.03 e
PC_POP,N_GE4,WORLD,ACT_INAC,CZ	62.9 	61.17 	60.52 	65.6 	56.47 	56.95 e
PC_POP,N_GE4,WORLD,ACT_INAC,DE	61.44 	64.05 	64.6 	65.38 	64.51 	64.19 
PC_POP,N_GE4,WORLD,ACT_INAC,DK	: 	73.83 	71.84 	73.47 	73.48 	69.2 
PC_POP,N_GE4,WORLD,ACT_INAC,EE	43.87 	43.93 	41.47 	43.22 	38.83 	36.8 b
PC_POP,N_GE4,WORLD,ACT_INAC,EL	33.2 	29.2 	30.17 	33 	27.86 	28.96 
PC_POP,N_GE4,WORLD,ACT_INAC,ES	49.84 	50.46 	48 b	38.16 	38.87 	38.08 
PC_POP,N_GE4,WORLD,ACT_INAC,FI	69.1 	68.92 	70.83 	67.73 	68.76 	68.08 b
PC_POP,N_GE4,WORLD,ACT_INAC,FR	57.35 	63.06 	65.02 	65.37 	65.79 	65.49 
PC_POP,N_GE4,WORLD,ACT_INAC,HR	34.01 	30.82 	29.86 b	34.04 	29.51 	33.63 
PC_POP,N_GE4,WORLD,ACT_INAC,HU	: 	36.72 	35.89 	34.7 	34.5 	35.5 b
PC_POP,N_GE4,WORLD,ACT_INAC,IE	56.09 	56.12 	54.94 	56.2 	50.35 	52.75 
PC_POP,N_GE4,WORLD,ACT_INAC,IT	36.32 	35.32 	36.5 	33.21 b	33.94 	39.83 
PC_POP,N_GE4,WORLD,ACT_INAC,LT	27.53 	26.96 	28.11 	28.32 	26.93 	24.39 
PC_POP,N_GE4,WORLD,ACT_INAC,LU	: 	75.54 	74.6 	67.12 	76.39 	72.37 
PC_POP,N_GE4,WORLD,ACT_INAC,LV	31.92 	32.34 	30.03 	27 	27.71 	30.29 
PC_POP,N_GE4,WORLD,ACT_INAC,ME	: 	: c	: 	: 	: 	: 
PC_POP,N_GE4,WORLD,ACT_INAC,MT	50.61 	45.3 	39.12 	39.85 	36.01 	33.58 
PC_POP,N_GE4,WORLD,ACT_INAC,NL	75.24 	74.9 	72.8 	72.26 	73.61 	75.1 b
PC_POP,N_GE4,WORLD,ACT_INAC,NO	81.24 	81.29 	: 	: 	82.05 	: 
PC_POP,N_GE4,WORLD,ACT_INAC,PL	39.74 	38.64 	36.61 	36.49 	36.31 	33.17 
PC_POP,N_GE4,WORLD,ACT_INAC,PT	30.37 	29.68 	17.06 	16.3 	27.28 	21.3 
PC_POP,N_GE4,WORLD,ACT_INAC,RO	10.24 	9.66 	10.69 	10.46 	10.01 	10.1 
PC_POP,N_GE4,WORLD,ACT_INAC,SE	66.94 	48.77 	53.15 	47.58 	: 	80.1 
PC_POP,N_GE4,WORLD,ACT_INAC,SI	55.62 	53.54 	52.29 	51.85 e	49.57 e	51.97 
PC_POP,N_GE4,WORLD,ACT_INAC,SK	48.73 	47.87 	46.54 	39 	40.12 b	44.49 
PC_POP,N_GE4,WORLD,ACT_INAC,UK	: 	43.59 	44.77 	43.26 	53.57 	56.85 
PC_POP,N_GE4,WORLD,EDUC,ES	65.14 	66.87 	61.02 b	42.45 	45.78 	43.82 
PC_POP,N_GE4,WORLD,EDUC,FI	79.52 	71.13 	71.51 	79.92 	77.65 	75.26 b
PC_POP,N_GE4,WORLD,EDUC,HR	: 	: 	: b	: 	52.22 	55.9 
PC_POP,N_GE4,WORLD,EDUC,LU	: 	: 	: 	44.95 	81.93 	: 
PC_POP,N_GE4,WORLD,EDUC,LV	36.46 	48.48 	32.82 	: 	: 	: 
PC_POP,N_GE4,WORLD,EDUC,NL	77.56 	74.66 	73.82 	71.37 	74.63 	80.24 b
PC_POP,N_GE4,WORLD,EDUC,SI	: 	70.17 	76.37 	72.65 e	72.94 e	73.26 
PC_POP,N_GE4,WORLD,EMP,ES	57.56 	59.23 	57.09 b	45.52 	46.17 	45.69 
PC_POP,N_GE4,WORLD,EMP,FI	74.34 	74.03 	76.66 	73.34 	75.66 	72.45 b
PC_POP,N_GE4,WORLD,EMP,HR	: 	: 	: b	: 	38.42 	40.69 
PC_POP,N_GE4,WORLD,EMP,LU	: 	: 	: 	78.58 	82.74 	: 
PC_POP,N_GE4,WORLD,EMP,LV	41.31 	40.93 	39.01 	: 	: 	: 
PC_POP,N_GE4,WORLD,EMP,NL	80.52 	80.09 	77.73 	78.22 	79.15 	80.14 b
PC_POP,N_GE4,WORLD,EMP,SI	: 	66.72 	65.07 	66.24 e	60.9 e	66.9 
PC_POP,N_GE4,WORLD,INAC_OTH,ES	37.72 	36.7 	36.61 b	33.05 	33.83 	32.22 
PC_POP,N_GE4,WORLD,INAC_OTH,FI	54.98 	59.57 	61.2 	55.26 	56.6 	60.6 b
PC_POP,N_GE4,WORLD,INAC_OTH,HR	: 	: 	: b	: 	17.7 	22.43 
PC_POP,N_GE4,WORLD,INAC_OTH,LU	: 	: 	: 	54.44 	62.08 	: 
PC_POP,N_GE4,WORLD,INAC_OTH,LV	14.75 	12.46 	15.93 	: 	: 	: 
PC_POP,N_GE4,WORLD,INAC_OTH,NL	66.99 	69.45 	68.01 	66.99 	67.85 	69.39 b
PC_POP,N_GE4,WORLD,INAC_OTH,SI	: 	34.14 	30.73 	29.21 e	29.09 e	30.1 
PC_POP,N_GE4,WORLD,UNE,ES	37.99 	39.46 	35.87 b	23.8 	24.39 	24.98 
PC_POP,N_GE4,WORLD,UNE,FI	72.14 	66.8 	64.76 	58.9 	54.13 	51.87 b
PC_POP,N_GE4,WORLD,UNE,HR	: 	: 	: b	: 	21.5 	25.31 
PC_POP,N_GE4,WORLD,UNE,LU	: 	: 	: 	54.62 	59.86 	: 
PC_POP,N_GE4,WORLD,UNE,LV	26.79 	25.05 	19.44 	: 	: 	: 
PC_POP,N_GE4,WORLD,UNE,NL	64.95 	61.86 	59.65 	56.37 	57.33 	56.37 b
PC_POP,N_GE4,WORLD,UNE,SI	: 	45.46 	51.9 	35.53 e	39.81 e	36.44 
